Topic,Site_Url,Pillar Post Title,Pillar Post Dimesion,Pillar Post Url,Keyword Cluster,Keyword,Language,Used,API Key,Status,Post_Url,Post_ID,Human_Context
Joaillerie,https://www.joaillerie-et-symbolique.com/,L'Encyclopédie des Symboles,Langage des Doigts,https://www.joaillerie-et-symbolique.com/le-langage-des-doigts-et-lautorite/,Symbolisme des bagues par doigt,signification bague index,français,USED,NSU1wehu6rTvY0dOr0XTFgXR,USED,https://www.joaillerie-et-symbolique.com/signification-bague-index/,2155,
Joaillerie,https://www.joaillerie-et-symbolique.com/,L'Encyclopédie des Symboles,Langage des Doigts,https://www.joaillerie-et-symbolique.com/le-langage-des-doigts-et-lautorite/,Symbolisme des bagues par doigt,bague au pouce signification psychologique,français,USED,NSU1wehu6rTvY0dOr0XTFgXR,USED,https://www.joaillerie-et-symbolique.com/bague-pouce-signification-psychologique/,2093,
Joaillerie,https://www.joaillerie-et-symbolique.com/,L'Encyclopédie des Symboles,Langage des Doigts,https://www.joaillerie-et-symbolique.com/le-langage-des-doigts-et-lautorite/,Symbolisme des bagues par doigt,porter une bague au petit doigt,français,USED,NSU1wehu6rTvY0dOr0XTFgXR,USED,https://www.joaillerie-et-symbolique.com/porter-bague-petit-doigt-signification/,2151,
Joaillerie,https://www.joaillerie-et-symbolique.com/,L'Encyclopédie des Symboles,Langage des Doigts,https://www.joaillerie-et-symbolique.com/le-langage-des-doigts-et-lautorite/,Symbolisme des bagues par doigt,signification alliance main droite,français,USED,NSU1wehu6rTvY0dOr0XTFgXR,USED,https://www.joaillerie-et-symbolique.com/wedding-ring-right-hand/,1861,
Joaillerie,https://www.joaillerie-et-symbolique.com/,L'Encyclopédie des Symboles,Langage des Doigts,https://www.joaillerie-et-symbolique.com/le-langage-des-doigts-et-lautorite/,Symbolisme des bagues par doigt,bague médius signification spirituelle,français,USED,NSU1wehu6rTvY0dOr0XTFgXR,USED,https://www.joaillerie-et-symbolique.com/bague-medius-signification-spirituelle/,2050,
Joaillerie,https://www.joaillerie-et-symbolique.com/,L'Encyclopédie des Symboles,Langage des Doigts,https://www.joaillerie-et-symbolique.com/le-langage-des-doigts-et-lautorite/,Signification des Doigts,signification bague doigt,français,USED,NSU1wehu6rTvY0dOr0XTFgXR,USED,https://www.joaillerie-et-symbolique.com/signification-bague-doigt-guide-symbolique/,2210,
Joaillerie,https://www.joaillerie-et-symbolique.com/,L'Encyclopédie des Symboles,Langage des Doigts,https://www.joaillerie-et-symbolique.com/le-langage-des-doigts-et-lautorite/,Signification des Doigts,signification bague pouce,français,USED,NSU1wehu6rTvY0dOr0XTFgXR,USED,https://www.joaillerie-et-symbolique.com/signification-bague-pouce/,2214,
Joaillerie,https://www.joaillerie-et-symbolique.com/,L'Encyclopédie des Symboles,Langage des Doigts,https://www.joaillerie-et-symbolique.com/le-langage-des-doigts-et-lautorite/,Signification des Doigts,bague auriculaire signification,français,USED,NSU1wehu6rTvY0dOr0XTFgXR,USED,https://www.joaillerie-et-symbolique.com/bague-auriculaire-signification-pouvoir-intuition/,2219,
Joaillerie,https://www.joaillerie-et-symbolique.com/,L'Encyclopédie des Symboles,Énergie des Pierres,https://www.joaillerie-et-symbolique.com/lenergie-des-pierres-et-la-guerison/,Vertus spirituelles des pierres,pouvoir des pierres precieuses,français,USED,NSU1wehu6rTvY0dOr0XTFgXR,USED,https://www.joaillerie-et-symbolique.com/pouvoir-des-pierres-precieuses-experience-sceptique/,2284,"觸發：在看了復仇者聯盟之後，我對於所謂的「寶石能量」感到十分好奇，這世上是否真的存在著蘊含能裡的寶石。
痛點：遺憾的是，我不是個有錢人，而很多寶石的價格我根本買不起。
細節：但好在，我找到了一個中國網站「淘寶」，裡面有許多價格便宜的寶石，還附上鑑定證書。中國的鑑定證書是官方機構認證的嗎？我不知道，但我也不在乎，反正也只是好奇玩玩，於是我買了一個小的翡翠項鏈。
結論：在佩戴一陣子之後，我幾乎可以肯定，所謂的「寶石能量」並沒有任何的依據。
證據：我的每一天過得跟之前差不多，唯一有區別的，是當我煩悶的時候，手上多了一個可以把玩的東西，以及有些朋友看到我佩戴項鍊之後會開始和我討論相關的話題。所以要我說，這東西就像是個高級版的紓壓球，它確實可以幫助平穩你的情緒，即使這和所謂的「能量」沒有半點關聯。但其實所有的精神安撫或許本質上都是這樣的，紓壓球如此、翡翠如此、十字架也是如此，這些提供的都是所謂「心靈上的慰藉」。"
Joaillerie,https://www.joaillerie-et-symbolique.com/,L'Encyclopédie des Symboles,Énergie des Pierres,https://www.joaillerie-et-symbolique.com/lenergie-des-pierres-et-la-guerison/,Vertus spirituelles des pierres,pierre de lune signification spirituelle,français,USED,NSU1wehu6rTvY0dOr0XTFgXR,USED,https://www.joaillerie-et-symbolique.com/pierre-de-lune-signification-spirituelle-crise-carriere/,2270,"觸發：我有個朋友，本來是做平面設計與美術的，因為最近的AI浪潮被解僱了。雖然她表面上不以為意，一副「正好可以展開」新生活的態度。
痛點：她說她一直想去開一間純素食餐車，烹飪才是她近幾年真正的愛好，而他觀察到在她生活的地區，幾乎沒有什麼好吃的純素食餐點。
細節：可從她的頻繁的手上小動作，以及那比平時更多的喝水量，我看得出他的心裡其實是相當焦躁不安的。
結論：出於祝他好運並順利開啟新人生的祝福，我送了他一個月光石的項鏈。畢竟傳說中，月光石可以開啟「第三眼脈輪」，讓人對未來的直覺更加靈敏，適合在人生轉捩點時佩戴。我知道這純屬迷信，不過有時候，禮物的意義在於祝福，而非實際能帶來的價值。
證據：後來，她的新餐車生意還算不錯，顧客的評價都還算滿意。雖然不確定是不是因為第一個月的新鮮感，但至少，這是我能給她的最大祝福了。畢竟身為一個肉食主義者，我實在覺得她供應的餐點味道一言難盡，哈哈。
"
Joaillerie,https://www.joaillerie-et-symbolique.com/,L'Encyclopédie des Symboles,Énergie des Pierres,https://www.joaillerie-et-symbolique.com/lenergie-des-pierres-et-la-guerison/,Vertus spirituelles des pierres,lithotherapie pierres protection,français,USED,NSU1wehu6rTvY0dOr0XTFgXR,USED,https://www.joaillerie-et-symbolique.com/lithotherapie-pierres-protection/,2257,"觸發：命運總是無法掌控，就像在走進電梯前，我不可能知道今天和我一起搭電梯的，是那位總是打扮精緻，身上有著令人舒服香味的Jade還是那位崇尚「自然主義」的        Victor。
痛點：別誤會，Victor是個很好的同事，工作能力很強，只是他那較為旺盛的體毛與氣味在狹窄的電梯裡總是令人有些彆扭。
細節：有一次，我甚至看到他的鬍子裡卡了一些早餐的殘渣。因此如果可以，在電梯裡我更願意遇到Jade，這樣起碼我可以用更好的心情作為一天的開始。
結論：雖然我並不相信石頭真有辦法透過「共振」、「能量」的方式來達到所謂「保護」的效果。很多證據都顯示這可能是所謂的「偽科學」，不過我卻認為，重點不在於實際是否有效，而是在於它是否讓你的心理感到舒適。
證據：其實比起科學，我更認為這是一種信仰，在世界各地都有人利用不同的方式尋求心理上的安慰。例如佛像、護身符等等，佩戴石頭其實也是一樣的道理，這是一種精神與心靈上的支持。"
Joaillerie,https://www.joaillerie-et-symbolique.com/,L'Encyclopédie des Symboles,Énergie des Pierres,https://www.joaillerie-et-symbolique.com/lenergie-des-pierres-et-la-guerison/,Vertus spirituelles des pierres,bienfaits emeraude chakra coeur,français,USED,NSU1wehu6rTvY0dOr0XTFgXR,USED,https://www.joaillerie-et-symbolique.com/bienfaits-emeraude-chakra-coeur-guerison-amitie/,2253,"觸發：現代人的生活難免都會碰到些不如意的事，工作上犯小人，糟糕的天氣。而近期最令我難過的一件事莫過於和政治理念不同的朋友大吵了一架。我不知道我們之後還會不會往來，但可以肯定的是我們的關係不可能再回到從前了。
痛點：這種失去朋友的感覺，讓我十分難受，明明我們爭執的只是一個離我們生活十分遙遠的政治議題，一場發生於幾千公里外國家的戰爭，為什麼卻會讓我失去一個朋友呢？
細節：當天朋友甩門離去後，我在沙發上坐了很久，甚至久違的喝了一瓶紅酒，我已經戒酒好多年了。我憤怒的滑著Tiktok，卻沒看進去任何內容，直到我滑到一個很有名（我後來才知道原來他很有名）的中國翡翠影音頻道主劉思懿，我想起我看過一則文章說翡翠可以舒緩人們的心理壓力，就抱持著試試看的態度買了一個便宜的吊墜。
結論：我明白翡翠對應心輪幫助人們舒緩壓力這種事沒有任何的科學證據，但我想著或許有些時候我們需要的只是那個心理作用，畢竟那溫潤的觸感與光澤彷彿在告訴我「沒關係，一切都會慢慢好起來的。」
證據：不論是否是心理作用，開始佩戴翡翠後，我確實感受到我的情緒變穩定了，雖然我跟那個朋友再也沒有聯絡，但我卻漸漸感到釋懷了。"
Joaillerie,https://www.joaillerie-et-symbolique.com/,L'Encyclopédie des Symboles,Énergie des Pierres,https://www.joaillerie-et-symbolique.com/lenergie-des-pierres-et-la-guerison/,Vertus spirituelles des pierres,saphir bleu propriétés ésotériques,français,USED,NSU1wehu6rTvY0dOr0XTFgXR,USED,https://www.joaillerie-et-symbolique.com/saphir-bleu-pouvoirs-esoteriques/,1848,
Joaillerie,https://www.joaillerie-et-symbolique.com/,L'Encyclopédie des Symboles,Totems de Protection,https://www.joaillerie-et-symbolique.com/totems-sacres-et-protection-antique/,Totems et Protection Antique,oeil bleu grec signification,français,否,NSU1wehu6rTvY0dOr0XTFgXR,USED,https://www.joaillerie-et-symbolique.com/blog/oeil-bleu-grec-signification-protection/,,"觸發：應該很多人在土耳其旅遊時，見過一種由不同深淺的藍色同心圓組成的飾品。外表遠遠看去，就像是一隻眼睛。
痛點：而若是聽到那個飾品的名字，也往往會讓覺得是否不太吉利。因為這個飾品常被冠上「邪眼」或是「惡魔之眼」的名聲。
細節：不過別擔心，我就曾收過一份這樣的禮物，而且請放心，這份禮物其實是用來避邪與保護的。它用來抵禦源自嫉妒的惡意注視（邪視）或詛咒，將負面能量反射或吸收，保護配戴者免受災厄。
結論：不過這個禮物也有兩個需要注意的禁忌，第一是絕對不能接受敵意之人的贈禮，這個禮物本意是用來抵禦惡意的，但若是在送禮的過程中就沾染上了惡意，那反而會有反效果。第二是如果自然碎裂了，絕對不可以黏回去，因為碎裂表示飾品替你抵禦了災禍，他的使命已經完成了。
證據：但很有趣的一點是，雖然這個飾品如今在土耳其比較常見，但他其實是起源於希臘神話的飾品。但因為這個飾品必須由玻璃製作，而當時土耳其的玻璃製作工藝較為發達，加上後來土耳其政府的有意行銷，因此目前反而在土耳其比較常見。"
Joaillerie,https://www.joaillerie-et-symbolique.com/,L'Encyclopédie des Symboles,Totems de Protection,https://www.joaillerie-et-symbolique.com/totems-sacres-et-protection-antique/,Totems et Protection Antique,main de fatma pendentif signification,français,否,NSU1wehu6rTvY0dOr0XTFgXR,USED,https://www.joaillerie-et-symbolique.com/blog/main-de-fatma-pendentif-signification-protection-culturelle/,,"觸發：隨著其他國家的移民越來越多，其他國家的珠寶文化符號也慢慢的傳入，並越來越常在街頭的市集看見。
痛點：當然，我尊重各類宗教與文化，但尊重的前提，是我們必須了解那些符號的意思，才能更好的理解其他國家的文化。
細節：其中，我最近常看到的是一個手掌中間畫著眼睛的圖案，有時候手掌向上，有時候手掌向下。
結論：這是一個來自中東與北非的圖案，中央的眼睛圖案代表「真主之眼」或「法蒂瑪之眼」，用來吸收或反射負面能量與嫉妒的目光。有些類似我們之前提到土耳其「邪眼」。而手掌向上則代表抵擋邪惡與厄運，向下則代表接納豐盛、好運、富足與祝福。
證據：在地中海與中東地區，伊斯蘭教與猶太教都有類似這個圖案的相關記載。"
Joaillerie,https://www.joaillerie-et-symbolique.com/,L'Encyclopédie des Symboles,Totems de Protection,https://www.joaillerie-et-symbolique.com/totems-sacres-et-protection-antique/,Totems et Protection Antique,symbole scarabée égyptien bijoux,français,USED,NSU1wehu6rTvY0dOr0XTFgXR,USED,https://www.joaillerie-et-symbolique.com/scarabee-egyptien-joaillerie/,1854,
Joaillerie,https://www.joaillerie-et-symbolique.com/,L'Encyclopédie des Symboles,Totems de Protection,https://www.joaillerie-et-symbolique.com/totems-sacres-et-protection-antique/,Totems et Protection Antique,protection mauvais oeil bijoux,français,否,NSU1wehu6rTvY0dOr0XTFgXR,None,,,
Joaillerie,https://www.joaillerie-et-symbolique.com/,L'Encyclopédie des Symboles,Totems de Protection,https://www.joaillerie-et-symbolique.com/totems-sacres-et-protection-antique/,Totems et Protection Antique,hamsa bijoux porte bonheur,français,否,NSU1wehu6rTvY0dOr0XTFgXR,None,,,
Joaillerie,https://www.joaillerie-et-symbolique.com/,L'Encyclopédie des Symboles,Alchimie des Métaux,https://www.joaillerie-et-symbolique.com/alchimie-des-metaux-et-eternite/,Métaux et Énergie Alchimique,symbolique de l'or en bijouterie,français,USED,NSU1wehu6rTvY0dOr0XTFgXR,USED,https://www.joaillerie-et-symbolique.com/symbolique-or-bijouterie-pouvoir-divinite-amour/,2235,
Joaillerie,https://www.joaillerie-et-symbolique.com/,L'Encyclopédie des Symboles,Alchimie des Métaux,https://www.joaillerie-et-symbolique.com/alchimie-des-metaux-et-eternite/,Métaux et Énergie Alchimique,argent massif vertus spirituelles,français,USED,NSU1wehu6rTvY0dOr0XTFgXR,USED,https://www.joaillerie-et-symbolique.com/argent-vertus-spirituelles/,1874,
Joaillerie,https://www.joaillerie-et-symbolique.com/,L'Encyclopédie des Symboles,Alchimie des Métaux,https://www.joaillerie-et-symbolique.com/alchimie-des-metaux-et-eternite/,Métaux et Énergie Alchimique,difference or jaune et or rose symbole,français,USED,NSU1wehu6rTvY0dOr0XTFgXR,USED,https://www.joaillerie-et-symbolique.com/difference-or-jaune-et-or-rose-symbole/,2186,
Joaillerie,https://www.joaillerie-et-symbolique.com/,L'Encyclopédie des Symboles,Alchimie des Métaux,https://www.joaillerie-et-symbolique.com/alchimie-des-metaux-et-eternite/,Métaux et Énergie Alchimique,platine symbolisme force,français,USED,NSU1wehu6rTvY0dOr0XTFgXR,USED,https://www.joaillerie-et-symbolique.com/platine-symbolisme-force-eternite/,2195,
Joaillerie,https://www.joaillerie-et-symbolique.com/,L'Encyclopédie des Symboles,Alchimie des Métaux,https://www.joaillerie-et-symbolique.com/alchimie-des-metaux-et-eternite/,Métaux et Énergie Alchimique,bijoux en cuivre bienfaits santé,français,USED,NSU1wehu6rTvY0dOr0XTFgXR,USED,https://www.joaillerie-et-symbolique.com/cuivre-sante-bijoux-benefices/,1910,
Joaillerie,https://www.joaillerie-et-symbolique.com/,L'Encyclopédie des Symboles,Rites de Passage,https://www.joaillerie-et-symbolique.com/rites-de-passage-et-memoire/,Bijoux et Rites de Passage,histoire bague de fiancailles,français,USED,NSU1wehu6rTvY0dOr0XTFgXR,USED,https://www.joaillerie-et-symbolique.com/engagement-ring-history-odyssey/,1867,
Joaillerie,https://www.joaillerie-et-symbolique.com/,L'Encyclopédie des Symboles,Rites de Passage,https://www.joaillerie-et-symbolique.com/rites-de-passage-et-memoire/,Bijoux et Rites de Passage,bijoux de deuil victoriens,français,USED,NSU1wehu6rTvY0dOr0XTFgXR,USED,https://www.joaillerie-et-symbolique.com/bijoux-de-deuil-victoriens-memoire-chagrin/,2199,
Joaillerie,https://www.joaillerie-et-symbolique.com/,L'Encyclopédie des Symboles,Rites de Passage,https://www.joaillerie-et-symbolique.com/rites-de-passage-et-memoire/,Bijoux et Rites de Passage,offrir un bracelet d'amitié symbole,français,否,NSU1wehu6rTvY0dOr0XTFgXR,USED,https://www.joaillerie-et-symbolique.com/blog/offrir-bracelet-amitie-symbole-lien-persiste/,,"觸發：在這個科技冷漠，但友情相對氾濫的時代，很多人可能擁有很多「點頭之交」，可能真心說上話的好友卻沒幾個。
痛點：我也是，身旁的朋友隨著人生階段不斷更換，以往很多十分要好的朋友，後來默默地漸行漸遠，沒有什麼特殊的理由，就只是......走散了而已。
細節：我有一個禮物盒，裡面收著各種過往朋友送我的禮物，其中，就包含一條彩色串珠的友誼手鏈。那是我國小畢業時和朋友互送的禮物，我們用學校提供的材料，細心做了一下午。
結論：友誼手鏈並不能真正的替你保有友誼，但是當你需要懷念一段曾經的記憶時，這會是一個很好的媒介。
證據：至少當我看到那條友誼手鏈時，總會想起那個朋友，以及和她相處的美好時光。雖然畢業後我們各奔東西，沒怎麼再聽過他的消息，但祝你一切順利，朋友。"
Joaillerie,https://www.joaillerie-et-symbolique.com/,L'Encyclopédie des Symboles,Rites de Passage,https://www.joaillerie-et-symbolique.com/rites-de-passage-et-memoire/,Bijoux et Rites de Passage,bijoux de famille transmission,français,否,NSU1wehu6rTvY0dOr0XTFgXR,USED,https://www.joaillerie-et-symbolique.com/blog/l-heritage-silencieux-transmission-bijoux-famille/,,"觸發：我有個朋友，結婚的時候，她媽媽鄭重的將一塊玉佩拿給她（她媽媽是個中國人），說那塊翡翠是他們家的傳家寶，從媽媽的奶奶那一輩流傳下來的，是一塊具有上百年歷史，清朝時期留下的玉佩，吩咐她將來若有小孩，要再傳給下一代。
痛點：我有點羨慕，畢竟我結婚的時候啥都沒有。
細節：那塊玉佩我看了一下，或許是因為長年在盒子裡被保存的很好，看不太出來有上百年的歷史。
偏見：但因為假玉石的詐騙案有點多，我朋友的老公總是想著要不找一天拿這塊玉石去鑒定一下。
證據：不過後來我朋友還是放棄了這個念頭，畢竟玉石這種東西本來就是地球歷經了長時間形成的，拿去鑒定也鑒定不出實際生成的時間。或許技法那些可以鑒定是不是百年以前的技法，但這個東西，本來就是象徵祝福的意義大於實際的價值，他們家也不缺錢，又何必毀了自己母親的一番好心呢？"
Joaillerie,https://www.joaillerie-et-symbolique.com/,L'Encyclopédie des Symboles,Rites de Passage,https://www.joaillerie-et-symbolique.com/rites-de-passage-et-memoire/,Bijoux et Rites de Passage,medaille de bapteme signification,français,否,NSU1wehu6rTvY0dOr0XTFgXR,USED,https://www.joaillerie-et-symbolique.com/blog/medaille-bapteme-signification-symboles-transmission-personnelle/,,"觸發：我和Maggie雖然是在教會上認識的，但嚴格來說，我們兩個都不能算是虔誠的信徒（或許這就是我們成為朋友的原因）。
痛點：我們總是說，要是對方生了小孩，我們就要當對方小孩的教母，送小孩一條洗禮項鏈。
細節：我們甚至為對方指定了款式，他的小孩要純銀的聖母瑪利亞。我的小孩要純銀的白鴿。
偏見：但天意難料，後來的我們都沒有結婚，也沒有小孩，就這麼默默的過了中年。這個約定也成了一個玩笑。
證據：但後來，我們還是送了對方禮物，我送了他一塊象徵祝福的瑪瑙，而她則是送了一件很不錯的皮毛外套（當然，是人工的，我反對使用真實動物皮草）。"
Joaillerie,https://www.joaillerie-et-symbolique.com/,L'Encyclopédie des Symboles,Identité et Styles,https://www.joaillerie-et-symbolique.com/esthetique-de-lidentite-et-sous-cultures/,Styles et Identité Sociale,signification collier choker histoire,français,USED,NSU1wehu6rTvY0dOr0XTFgXR,USED,https://www.joaillerie-et-symbolique.com/signification-collier-choker-histoire/,2191,
Joaillerie,https://www.joaillerie-et-symbolique.com/,L'Encyclopédie des Symboles,Identité et Styles,https://www.joaillerie-et-symbolique.com/esthetique-de-lidentite-et-sous-cultures/,Styles et Identité Sociale,bijoux gothiques symbolisme,français,USED,NSU1wehu6rTvY0dOr0XTFgXR,USED,https://www.joaillerie-et-symbolique.com/bijoux-gothiques-symbolisme-evolution/,2182,
Joaillerie,https://www.joaillerie-et-symbolique.com/,L'Encyclopédie des Symboles,Identité et Styles,https://www.joaillerie-et-symbolique.com/esthetique-de-lidentite-et-sous-cultures/,Styles et Identité Sociale,tendance bijoux minimalistes,français,USED,NSU1wehu6rTvY0dOr0XTFgXR,USED,https://www.joaillerie-et-symbolique.com/tendance-bijoux-minimalistes/,2176,
Joaillerie,https://www.joaillerie-et-symbolique.com/,L'Encyclopédie des Symboles,Identité et Styles,https://www.joaillerie-et-symbolique.com/esthetique-de-lidentite-et-sous-cultures/,Styles et Identité Sociale,look bijoux bohème chic,français,USED,NSU1wehu6rTvY0dOr0XTFgXR,USED,https://www.joaillerie-et-symbolique.com/boho-chic-jewelry-evolution/,1878,
Joaillerie,https://www.joaillerie-et-symbolique.com/,L'Encyclopédie des Symboles,Identité et Styles,https://www.joaillerie-et-symbolique.com/esthetique-de-lidentite-et-sous-cultures/,Styles et Identité Sociale,piercing oreille signification culturelle,français,USED,NSU1wehu6rTvY0dOr0XTFgXR,USED,https://www.joaillerie-et-symbolique.com/piercing-oreille-odyssee-culturelle-2/,1982,
Joaillerie,https://www.joaillerie-et-symbolique.com/,L'Encyclopédie des Symboles,Secrets de la Nature,https://www.joaillerie-et-symbolique.com/faune-flore-et-secrets-de-la-nature/,Symbolisme de la Nature,bijoux serpent signification spirituelle,français,USED,NSU1wehu6rTvY0dOr0XTFgXR,USED,https://www.joaillerie-et-symbolique.com/bijoux-serpent-signification-spirituelle/,2036,
Joaillerie,https://www.joaillerie-et-symbolique.com/,L'Encyclopédie des Symboles,Secrets de la Nature,https://www.joaillerie-et-symbolique.com/faune-flore-et-secrets-de-la-nature/,Symbolisme de la Nature,pendentif papillon symbole renaissance,français,USED,NSU1wehu6rTvY0dOr0XTFgXR,USED,https://www.joaillerie-et-symbolique.com/papillon-pendant-renaissance-symbol/,1970,
Joaillerie,https://www.joaillerie-et-symbolique.com/,L'Encyclopédie des Symboles,Secrets de la Nature,https://www.joaillerie-et-symbolique.com/faune-flore-et-secrets-de-la-nature/,Symbolisme de la Nature,symbole abeille joaillerie,français,USED,NSU1wehu6rTvY0dOr0XTFgXR,USED,https://www.joaillerie-et-symbolique.com/abeille-bijoux-symbolisme/,1890,
Joaillerie,https://www.joaillerie-et-symbolique.com/,L'Encyclopédie des Symboles,Secrets de la Nature,https://www.joaillerie-et-symbolique.com/faune-flore-et-secrets-de-la-nature/,Symbolisme de la Nature,bijoux fleur de lys royauté,français,USED,NSU1wehu6rTvY0dOr0XTFgXR,USED,https://www.joaillerie-et-symbolique.com/fleur-de-lys-royal-jewelry/,2046,
Joaillerie,https://www.joaillerie-et-symbolique.com/,L'Encyclopédie des Symboles,Secrets de la Nature,https://www.joaillerie-et-symbolique.com/faune-flore-et-secrets-de-la-nature/,Symbolisme de la Nature,signification plume en bijoux,français,USED,NSU1wehu6rTvY0dOr0XTFgXR,USED,https://www.joaillerie-et-symbolique.com/plume-bijoux-symbolisme/,2020,
Joaillerie,https://www.joaillerie-et-symbolique.com/,L'Encyclopédie des Symboles,Symboles et Psychologie,https://www.joaillerie-et-symbolique.com/,Bijoux Psychologiques,bague anti stress signification,français,USED,NSU1wehu6rTvY0dOr0XTFgXR,USED,https://www.joaillerie-et-symbolique.com/bague-anti-stress-signification-guide-symbolique/,2246,
Joaillerie,https://www.joaillerie-et-symbolique.com/,L'Encyclopédie des Symboles,Symboles et Énergie,https://www.joaillerie-et-symbolique.com/,Bijoux et Humeur,bague humeur signification,français,否,NSU1wehu6rTvY0dOr0XTFgXR,USED,https://www.joaillerie-et-symbolique.com/blog/bague-humeur-signification-couleurs-verite/,,"觸發：身為成年人，很多時候，不得不隱藏自己的情緒——明明一堆煩心事，卻還是被逼得笑臉迎人。
痛點：要是有個可以隱晦地傳達出情緒，卻又不冒犯人的方式，那就太好了。雖然，大概還是有些笨蛋看不懂，不過既然他們都是笨蛋了，不管你傳遞的方式隱晦還是直接，他們大概都不會懂。
細節：這個時候，情緒戒指就是一個不錯的選擇。它運用液晶的熱敏變色特性，以及人類在不同情緒狀態下體溫的細微變化，來起到傳達情緒的效果。
結論：老實說，佩戴了一陣子之後，我覺得這東西噱頭大於實際，它很有趣，但光靠體溫判斷情緒可能並不是那麼準確。
證據：例如興奮跟憤怒都會使體溫升高，我就曾發現在我和伴侶約會以及憤怒的時候我的戒指都是同一個顏色——紅色，我的伴侶差點以為我生氣了，但其實，並沒有，只是跟他約會和憤怒一樣令我情緒激動而已。"
Joaillerie,https://www.joaillerie-et-symbolique.com/,L'Encyclopédie des Symboles,L'Énergie des Pierres et la Guérison,https://www.joaillerie-et-symbolique.com/lenergie-des-pierres-et-la-guerison/,Pierres et Chakras,bracelet 7 chakras signification,français,否,NSU1wehu6rTvY0dOr0XTFgXR,,,,
Joaillerie,https://www.joaillerie-et-symbolique.com/,L'Encyclopédie des Symboles,L'Énergie des Pierres et la Guérison,https://www.joaillerie-et-symbolique.com/lenergie-des-pierres-et-la-guerison/,Pierres et Chakras,pierre turquoise vertus signification,français,否,NSU1wehu6rTvY0dOr0XTFgXR,USED,https://www.joaillerie-et-symbolique.com/blog/pierre-turquoise-vertus-signification-pierre-du-mois/,,"觸發：雖然名為綠松石，但其實顏色涵蓋從藍色到淺綠，而且通常質地並不均勻，含有一些斑點、條紋等等，質地上跟一般的寶石比起來，可能更粗糙、不規則一點。
痛點：這使得它在視覺上看起來不夠整齊、沒有一致性。但相對的，這種「獨特」與「自然」的感覺正是許多人偏愛的他的理由。比起光滑的完美，有些人就是偏愛那種相對比較粗糙、或是不一致帶來的觸覺與視覺的回饋。當然，也有光滑版本的綠松石，只是價格就相對較高一些。
細節：因為古代的綠松石經由土耳其傳入歐洲，因此又被稱為土耳其玉，是十二月的誕生石。
結論：綠松石，在脈輪學中對應心輪與眉心輪，有釋放壓力的功效。當然，這個相不相信十分看個人，不過，我個人比起昂貴的各色寶石，在日常生活中，即使不因為任何脈輪學、磁場之類的理由，我也很喜歡佩戴綠松色的手串，特別是帶有各色斑點、紋路的綠松石手鏈，因為其價格便宜，但又十分顯白，搭配粉色或白色很適合皮膚白皙的女生，特別是亞洲女性。
證據：但是綠松石易於造假，所以市面上也流傳著不少假貨，這類假貨其實大部分也都只是其他染色的石頭或是經由人工合成的類似物質。理論上，對人體並無危害。但由於不知道其染色使用的工具以及合成中是否摻有其他雜質，因此還是要特別注意，不要買到假貨。"
Joaillerie,https://www.joaillerie-et-symbolique.com/,L'Encyclopédie des Symboles,L'Énergie des Pierres et la Guérison,https://www.joaillerie-et-symbolique.com/lenergie-des-pierres-et-la-guerison/,Pierres et Chakras,obsidienne oeil celeste vertus,français,否,NSU1wehu6rTvY0dOr0XTFgXR,USED,https://www.joaillerie-et-symbolique.com/blog/obsidienne-oeil-celeste-vertus-signification/,,"觸發：黑曜石，應該很多人都聽過這種石頭，也是最早被人類運用的石頭的之一，遠古時期人類就靠著打製石器的工藝將黑曜石加工成各式石器，特別是作為切削使用，黑耀石的刀刃鋒利度甚至可以超越現代金屬。
痛點：但是，彩虹黑曜石則數量非常稀少，因此很少見被作為食器使用，反而比較多被作為裝飾品使用。
細節：彩虹黑耀石的成因，是在火山岩漿冷卻的時候，含微小的鈣鐵輝石（Hedenbergite）奈米微粒或氣泡，在冷卻時順著熔岩流動方向排列成層，當強光照進這些微小層次時，就會產生不同的色彩，而形成彩虹的感覺。
結論：彩虹黑曜石，在象徵中，相對於一般黑曜石的「剛烈與防禦」，更偏向「深層與療癒」。而在脈論理論中，則是代表心輪和情緒轉化。
證據：石頭能量這件事並沒有任何的證據支持，我們也不鼓勵各位因為任何「能量」、「健康」的理由佩戴石頭，但是你完全可以為了自己的好心情或是搭配等理由去選擇一個好看的黑曜石配飾。"
Joaillerie,https://www.joaillerie-et-symbolique.com/,L'Encyclopédie des Symboles,"Faune, Flore et Secrets de la Nature",https://www.joaillerie-et-symbolique.com/faune-flore-et-secrets-de-la-nature/,Symboles de la Nature,arbre de vie signification bijou,français,否,NSU1wehu6rTvY0dOr0XTFgXR,USED,https://www.joaillerie-et-symbolique.com/blog/arbre-de-vie-signification-bijou/,,"觸發：前幾年，我去泰國旅行的時候，曾在佛教廟宇的小攤販旁，看到過一個樹形的擺飾。我覺得十分訝異，因為在我的認知中，樹形應該比較常見於基督教，代表伊甸園那顆生命之樹，怎麼佛教也出現了這類圖形？
痛點：後來我才知道，是我見識淺薄了。因為當初佛教的祖師釋迦摩尼是在一棵菩提樹下證悟成佛，因此樹在佛教裡面也同樣具有一定的代表性，雖然可能不若其他例如「卍」字等符號常見，但也是佛教文化的一環。
細節：而在我更深入的去了解世界上與宗教相關的歷史後才發現，其實蠻多宗教都有與「生命樹」類似的觀念，除了前面提到的基督教、佛教外，北歐神話中也有被稱為Yggdrasil的世界樹概念，凱爾特文化中，也有以樹向上生長同時向下紮根的特性而衍生出天地連結與自然平衡意義的概念。
結論：但每種文化中的樹都有些微的不同，例如佛教中的樹會長得更像菩提樹，而凱爾特的樹則大多會在外圈加上一圈凱爾特結，北歐神話的世界樹則可能更強調巨大、頂天立地的感覺。
證據：由於樹在多種文化、宗教中都有其意涵，因此是個泛文化通用的配飾與禮物，也是我十分推薦的一種搭配，你不用擔心可能冒犯到任何人。而我個人最推薦的材質，則是木製或銀製。木製的自然不用說，木頭搭配樹的形狀，有種返璞歸真的感覺，而銀製的部分，則可以在低調不張揚的同時，增加一點點的華麗感，又不會太過搶戲。"
Joaillerie,https://www.joaillerie-et-symbolique.com/,L'Encyclopédie des Symboles,"Faune, Flore et Secrets de la Nature",https://www.joaillerie-et-symbolique.com/faune-flore-et-secrets-de-la-nature/,Symboles de la Nature,trèfle à quatre feuilles signification,français,否,NSU1wehu6rTvY0dOr0XTFgXR,,,,
Joaillerie,https://www.joaillerie-et-symbolique.com/,L'Encyclopédie des Symboles,Totems Sacrés et Protection Antique,https://www.joaillerie-et-symbolique.com/totems-sacres-et-protection-antique/,Amulettes de Protection,amulette de protection signification,français,否,NSU1wehu6rTvY0dOr0XTFgXR,,,,
Dream Interpretation,https://www.encyclopedia-of-dreams.com/,The Master Encyclopedia of Dreams,1. Neurobiological Foundations,https://www.encyclopedia-of-dreams.com/neurobiological-foundations/,"REM sleep neuroscience, brain activity during dreams, sleep stages memory",brain waves during rem sleep,English,USED,EUSp1wRqLAQveoEkUZ2f hirW,USED,https://www.encyclopedia-of-dreams.com/brain-waves-during-rem-sleep/,1838,
Dream Interpretation,https://www.encyclopedia-of-dreams.com/,The Master Encyclopedia of Dreams,1. Neurobiological Foundations,https://www.encyclopedia-of-dreams.com/neurobiological-foundations/,"REM sleep neuroscience, brain activity during dreams, sleep stages memory",why do dreams feel real science,English,USED,EUSp1wRqLAQveoEkUZ2f hirW,USED,https://www.encyclopedia-of-dreams.com/why-do-dreams-feel-real-science/,1868,
Dream Interpretation,https://www.encyclopedia-of-dreams.com/,The Master Encyclopedia of Dreams,1. Neurobiological Foundations,https://www.encyclopedia-of-dreams.com/neurobiological-foundations/,"REM sleep neuroscience, brain activity during dreams, sleep stages memory",rem sleep and memory consolidation study,English,USED,EUSp1wRqLAQveoEkUZ2f hirW,USED,https://www.encyclopedia-of-dreams.com/rem-sleep-and-memory-consolidation-study/,1844,
Dream Interpretation,https://www.encyclopedia-of-dreams.com/,The Master Encyclopedia of Dreams,1. Neurobiological Foundations,https://www.encyclopedia-of-dreams.com/neurobiological-foundations/,"REM sleep neuroscience, brain activity during dreams, sleep stages memory",neurobiology of dreaming and emotional processing,English,USED,EUSp1wRqLAQveoEkUZ2f hirW,USED,https://www.encyclopedia-of-dreams.com/dreams-brain-emotion-sleep/,1644,
Dream Interpretation,https://www.encyclopedia-of-dreams.com/,The Master Encyclopedia of Dreams,1. Neurobiological Foundations,https://www.encyclopedia-of-dreams.com/neurobiological-foundations/,"REM sleep neuroscience, brain activity during dreams, sleep stages memory",role of amygdala in dreams,English,USED,EUSp1wRqLAQveoEkUZ2f hirW,USED,https://www.encyclopedia-of-dreams.com/role-of-amygdala-in-dreams-guide/,1862,
Dream Interpretation,https://www.encyclopedia-of-dreams.com/,The Master Encyclopedia of Dreams,1. Neurobiological Foundations,https://www.encyclopedia-of-dreams.com/neurobiological-foundations/,Vivid dreams analysis,why do my dreams feel so real and exhausting,English,USED,EUSp1wRqLAQveoEkUZ2f hirW,USED,https://www.encyclopedia-of-dreams.com/why-do-my-dreams-feel-so-real-and-exhausting/,1854,
Dream Interpretation,https://www.encyclopedia-of-dreams.com/,The Master Encyclopedia of Dreams,2. Jungian Archetypes,https://www.encyclopedia-of-dreams.com/jungian-archetypes/,"Jungian archetypes, collective unconscious symbols, shadow self dreams",jungian dream analysis symbols list,English,USED,EUSp1wRqLAQveoEkUZ2f hirW,USED,https://www.encyclopedia-of-dreams.com/jungian-dream-symbols-guide/,1793,
Dream Interpretation,https://www.encyclopedia-of-dreams.com/,The Master Encyclopedia of Dreams,2. Jungian Archetypes,https://www.encyclopedia-of-dreams.com/jungian-archetypes/,"Jungian archetypes, collective unconscious symbols, shadow self dreams",meaning of shadow in dreams jung,English,USED,EUSp1wRqLAQveoEkUZ2f hirW,USED,https://www.encyclopedia-of-dreams.com/jungian-shadow-dreams/,1654,
Dream Interpretation,https://www.encyclopedia-of-dreams.com/,The Master Encyclopedia of Dreams,2. Jungian Archetypes,https://www.encyclopedia-of-dreams.com/jungian-archetypes/,"Jungian archetypes, collective unconscious symbols, shadow self dreams",collective unconscious vs personal unconscious examples,English,USED,EUSp1wRqLAQveoEkUZ2f hirW,USED,https://www.encyclopedia-of-dreams.com/collective-unconscious-vs-personal-unconscious-examples/,1810,
Dream Interpretation,https://www.encyclopedia-of-dreams.com/,The Master Encyclopedia of Dreams,2. Jungian Archetypes,https://www.encyclopedia-of-dreams.com/jungian-archetypes/,"Jungian archetypes, collective unconscious symbols, shadow self dreams",anima and animus in dreams,English,USED,EUSp1wRqLAQveoEkUZ2f hirW,USED,https://www.encyclopedia-of-dreams.com/anima-and-animus-in-dreams/,1814,
Dream Interpretation,https://www.encyclopedia-of-dreams.com/,The Master Encyclopedia of Dreams,2. Jungian Archetypes,https://www.encyclopedia-of-dreams.com/jungian-archetypes/,"Jungian archetypes, collective unconscious symbols, shadow self dreams",individuation process through dream work,English,USED,EUSp1wRqLAQveoEkUZ2f hirW,USED,https://www.encyclopedia-of-dreams.com/individuation-process-through-dream-work/,1819,
Dream Interpretation,https://www.encyclopedia-of-dreams.com/,The Master Encyclopedia of Dreams,3. Freudian Psychoanalysis,https://www.encyclopedia-of-dreams.com/freudian-psychoanalysis/,"Freudian dreamwork, repressed desires sleep, manifest latent content",sigmund freud interpretation of dreams latent content,English,USED,EUSp1wRqLAQveoEkUZ2f hirW,USED,https://www.encyclopedia-of-dreams.com/sigmund-freud-interpretation-of-dreams-latent-content/,1888,"觸發：做夢是每個人都會經歷的事情，我昨夜也夢到了一個荒誕的場景，夢到我和同事像最近流行的輕小說或動畫一樣被傳送到了異世界。
痛點：所有同事都獲得了超能力，就我沒有。
細節：在他們努力狩獵魔物時，我居然還像現實世界一樣在一旁打開電腦工作。
結論：雖然佛洛伊德關於「夢的解析」曾經蔚為風潮，但以現代心理學觀點，其實佛洛伊德所說夢反應潛意識的說法並沒有任何的科學依據，純屬個人猜想。
證據：以現代睡眠腦波監測來說，夢境的產生更偏向於腦部睡眠期間無意義的放電。"
Dream Interpretation,https://www.encyclopedia-of-dreams.com/,The Master Encyclopedia of Dreams,3. Freudian Psychoanalysis,https://www.encyclopedia-of-dreams.com/freudian-psychoanalysis/,"Freudian dreamwork, repressed desires sleep, manifest latent content",freudian symbols in dreams examples,English,USED,EUSp1wRqLAQveoEkUZ2f hirW,USED,https://www.encyclopedia-of-dreams.com/freudian-symbols-in-dreams-examples/,1895,"觸發：我在工作壓力大的時候，總是會做夢，特別是惡夢。
痛點：在夢裡，我最常感受到的情緒是迷茫與無助，不知下一步該往哪走。
細節：就算眼前出現了路，也通常是黑暗、狹窄、或是十分崎嶇難走的路。
結論：以佛洛伊德的「精神分析」學派來說，這代表「出生」的過程，表達對母親子宮的依戀或對未來的焦慮。但以我個人的情緒而言我並不這麼認為，雖然我確實有焦慮的成分存在，但我覺得更多的是迷茫。而且我真的焦慮的時候，我甚至需要安眠藥才能入睡，若我還能睡著，我想我甚至沒有醒著時那麼焦慮。
證據：心理學自佛洛伊德以後不斷更新換代，從榮格到如今的認知學說，在科學越來越發達的如今，反而更無實際證據證明夢境和潛意識有關。"
Dream Interpretation,https://www.encyclopedia-of-dreams.com/,The Master Encyclopedia of Dreams,3. Freudian Psychoanalysis,https://www.encyclopedia-of-dreams.com/freudian-psychoanalysis/,"Freudian dreamwork, repressed desires sleep, manifest latent content",wish fulfillment theory in dreaming,English,USED,EUSp1wRqLAQveoEkUZ2f hirW,USED,https://www.encyclopedia-of-dreams.com/wish-fulfillment-theory-in-dreaming-freud-explained/,1916,"觸發：我有個很喜歡的偶像，當然，現實生活中我們完全不認識，可偶爾我會夢到她。
痛點：他們團體火紅的程度，讓我常常連演唱會的票的買不到，所以我完全沒有見過本人。
細節：但即使是夢到她的時候，也常常是在不同的場景，例如有時是在完美的現代都市，有時卻可能是在個原始叢林。
結論：如果說夢是潛意識的投射，那麼在夢裡見到自己喜歡的偶像，或許算是合理的吧？
證據：但如果說這理論是真的，那我曾經夢到一個我未曾蒙面的姊姊（我媽在懷我之前曾經流產過一次）又是怎麼一回事？我甚至不知道那個胎兒是男是女（連我媽都不知道，因為當時胎兒還不夠大），我又是怎麼憑空想像出這一切的？加上現代的科學證據，我還是更傾向夢是腦部無意義的放電，但這不妨礙我想在夢中見到我想見的人，畢竟這樣的夢總比惡夢來得好。"
Dream Interpretation,https://www.encyclopedia-of-dreams.com/,The Master Encyclopedia of Dreams,3. Freudian Psychoanalysis,https://www.encyclopedia-of-dreams.com/freudian-psychoanalysis/,"Freudian dreamwork, repressed desires sleep, manifest latent content",repressed emotions appearing in dreams,English,USED,EUSp1wRqLAQveoEkUZ2f hirW,USED,https://www.encyclopedia-of-dreams.com/dreams-repressed-emotions-decode/,1647,
Dream Interpretation,https://www.encyclopedia-of-dreams.com/,The Master Encyclopedia of Dreams,3. Freudian Psychoanalysis,https://www.encyclopedia-of-dreams.com/freudian-psychoanalysis/,"Freudian dreamwork, repressed desires sleep, manifest latent content",manifest vs latent content of dreams simplified,English,否,EUSp1wRqLAQveoEkUZ2f hirW,USED,https://www.encyclopedia-of-dreams.com/blog/manifest-vs-latent-content-of-dreams-simplified/,,"觸發：應該有人聽說過，夢的內容有「顯性」與「隱性」兩種。顯性是你真實夢到的東西，而隱性則代表了你潛意識的渴望。
痛點：這個說法，主要來自佛洛伊德，我個人覺得這個想法很浪漫，也很符合人們對夢的想像。但可惜，這個說法並不正確。
細節：如果你有研究過佛洛伊德的說法，你就會發現他的說法太過相同，把很多不同的「顯性」都歸類為同一個「隱性」。
結論：在心理學越來越進化的現在，佛洛伊德的說法已經顯得有些過時，現代心理學其實並不認可他的說法。
證據：例如我們先前提過的認知演練與威脅模擬理論，就認為惡夢是一種演化的結果，而非單純的壓抑。而且，佛洛伊德的理論違背了科學中的無法證偽性，這點在現代科學中，是一項致命傷。"
Dream Interpretation,https://www.encyclopedia-of-dreams.com/,The Master Encyclopedia of Dreams,4. Evolutionary Threat Simulation,https://www.encyclopedia-of-dreams.com/evolutionary-threat-simulation/,"evolutionary nightmares, threat simulation theory, survival instinct dreams",threat simulation theory of dreaming research,English,否,EUSp1wRqLAQveoEkUZ2f hirW,None,,,
Dream Interpretation,https://www.encyclopedia-of-dreams.com/,The Master Encyclopedia of Dreams,4. Evolutionary Threat Simulation,https://www.encyclopedia-of-dreams.com/evolutionary-threat-simulation/,"evolutionary nightmares, threat simulation theory, survival instinct dreams",evolutionary reason for recurring nightmares,English,否,EUSp1wRqLAQveoEkUZ2f hirW,USED,https://www.encyclopedia-of-dreams.com/blog/evolutionary-reason-recurring-nightmares-stress-threat/,,"觸發：有一段時間，我經常做同一個夢——被某個東西追逐。
細節：雖然場景與追逐我的東西各有不同，有時是在叢林裡被猛獸追，有時是在迷宮中被一個未知生物追，最好笑的一次，是我在「獵人」這部動畫中被其中一個名為「西索」的角色追逐。
痛點：雖然在夢總是沒有結局，我也不會真的死去，但這給我的睡眠品質帶來很大影響。
結論：有些理論認為，這是我們祖先演化出來的一種防禦機制。是一種大腦的生存模擬演練，讓人在安全環境下練習面對威脅，從而提升清醒時的警覺性與反應能力。
證據：但我不這麼認為，畢竟在相對安全的現代社會，你很少有被追逐的時候，可這樣的夢依然會存在。我反倒更傾向於另一種解釋—— 夢到被追逐，是因為你的當前的生活壓力太大了。畢竟當我在旅遊的時候，我可沒做過什麼被追逐的夢。"
Dream Interpretation,https://www.encyclopedia-of-dreams.com/,The Master Encyclopedia of Dreams,4. Evolutionary Threat Simulation,https://www.encyclopedia-of-dreams.com/evolutionary-threat-simulation/,"evolutionary nightmares, threat simulation theory, survival instinct dreams",why do humans dream of being chased,English,USED,EUSp1wRqLAQveoEkUZ2f hirW,USED,https://www.encyclopedia-of-dreams.com/chased-dreams-psychology-meaning/,1664,
Dream Interpretation,https://www.encyclopedia-of-dreams.com/,The Master Encyclopedia of Dreams,4. Evolutionary Threat Simulation,https://www.encyclopedia-of-dreams.com/evolutionary-threat-simulation/,"evolutionary nightmares, threat simulation theory, survival instinct dreams",survival instincts in sleep,English,否,EUSp1wRqLAQveoEkUZ2f hirW,USED,https://www.encyclopedia-of-dreams.com/blog/survival-instincts-sleep-brain-alertness/,,"觸發：你是否曾在睡夢中被某個聲音驚醒過，可能是東西墜落的聲音、窗外經過的消防車......
痛點：而我個人最常見的，就是被伴侶的打呼聲驚醒。
細節：我很難跟你們形容我伴侶的打呼聲有多驚人，但我個人的感覺大概是身邊僅僅10公分的地方突然爆出了PSG奪下歐冠時整座足球場的歡呼聲。
結論：有些人說，這樣在睡夢中的警戒功能，是人類演化中為了保留對環境威脅的監控而留下的防禦機制。
證據：確實有證據表明，在陌生環境的第一晚，左腦會保持較高的警覺狀態，這被稱為「第一夜效應」。"
Dream Interpretation,https://www.encyclopedia-of-dreams.com/,The Master Encyclopedia of Dreams,4. Evolutionary Threat Simulation,https://www.encyclopedia-of-dreams.com/evolutionary-threat-simulation/,"evolutionary nightmares, threat simulation theory, survival instinct dreams",adaptive function of bad dreams,English,否,EUSp1wRqLAQveoEkUZ2f hirW,USED,https://www.encyclopedia-of-dreams.com/blog/adaptive-function-bad-dreams-brain-health/,,"觸發：我想每個人的一生中，多少都曾經做過一些惡夢。
痛點：但請注意，我說的不是那種可能源於創傷後壓力症候群 PTSD 的夢魘（通常高度重複且伴隨強烈痛苦的噩夢），而是一些偶發性，充滿隨機與荒謬的噩夢。
細節：例如我曾經提過的飛機失事與被人追逐，都可以被歸類到這類偶發性惡夢的一種。
結論：但其實，這樣的噩夢反而可能是健康的，除了我們先前提過的「威脅模擬理論」外，還有一種說法是大腦在快速動眼期 (REM sleep) 重新編排情緒記憶。透過惡夢，大腦將清醒時抽象的焦慮與恐懼轉化為具體的情境，類似心理學的「暴露療法」。這能幫助神經系統脫敏，減輕清醒時的焦慮感，是健康的情緒「排毒」過程。
證據：相關理論，可以參閱：https://www.nature.com/articles/s41598-023-43319-z這篇論文，不過也請注意，心理學是個快速發展的領域，隨時都可能有新的證據或理論來重塑人們的觀點。"
Dream Interpretation,https://www.encyclopedia-of-dreams.com/,The Master Encyclopedia of Dreams,5. Universal Symbolic Themes,https://www.encyclopedia-of-dreams.com/universal-symbolic-themes/,"falling in dreams meaning, teeth falling out stress, flying dream symbolism",spiritual meaning of flying in dreams,English,USED,EUSp1wRqLAQveoEkUZ2f hirW,USED,https://www.encyclopedia-of-dreams.com/spiritual-meaning-flying-dreams-crash-anxiety/,1911,
Dream Interpretation,https://www.encyclopedia-of-dreams.com/,The Master Encyclopedia of Dreams,5. Universal Symbolic Themes,https://www.encyclopedia-of-dreams.com/universal-symbolic-themes/,"falling in dreams meaning, teeth falling out stress, flying dream symbolism",psychology of falling in dreams,English,USED,EUSp1wRqLAQveoEkUZ2f hirW,USED,https://www.encyclopedia-of-dreams.com/dreams-falling-psychology-meaning/,1641,
Dream Interpretation,https://www.encyclopedia-of-dreams.com/,The Master Encyclopedia of Dreams,5. Universal Symbolic Themes,https://www.encyclopedia-of-dreams.com/universal-symbolic-themes/,"falling in dreams meaning, teeth falling out stress, flying dream symbolism",teeth falling out in dream meaning anxiety,English,否,EUSp1wRqLAQveoEkUZ2f hirW,USED,https://www.encyclopedia-of-dreams.com/blog/teeth-falling-out-dream-meaning-anxiety-explained/,,"觸發：應該不少人小時候都聽說過牙仙的故事，當小孩的乳牙脫落後，將牙齒放在枕頭下，牙仙會在他們睡覺的時候會帶走那顆牙齒，並且留下一點錢。
痛點：可是，那是屬於小孩的故事，如果是大人夢到牙齒掉落呢？
細節：特別是那些平常沒有睡覺磨牙習慣的大人，如果突然夢到牙齒掉落，那可能表示不太尋常。
結論：其實夢到牙齒掉落反應的心理狀況很多，但大多與壓力有關，可能是來自適應新環境或是失去掌控感等等。
證據：在https://www.sleepfoundation.org/ 中，有很多關於這方面的探討。但因為可能的狀況太多，如果你真的對於這樣的夢境感到很焦慮，我十分建議尋求身心科或心理諮商的幫助，畢竟科學才是人們擺脫恐懼的最好方式。"
Dream Interpretation,https://www.encyclopedia-of-dreams.com/,The Master Encyclopedia of Dreams,5. Universal Symbolic Themes,https://www.encyclopedia-of-dreams.com/universal-symbolic-themes/,"falling in dreams meaning, teeth falling out stress, flying dream symbolism",seeing snakes in dream meaning psychology,English,USED,EUSp1wRqLAQveoEkUZ2f hirW,USED,https://www.encyclopedia-of-dreams.com/seeing-snakes-in-dream-meaning-psychology-guide/,1907,"觸發：那天，我做了一個奇怪的夢，夢裡我似乎是因為墜機，和一群人（其中還有我很喜歡的偶像）一起迷失在了原始叢林裡。
痛點：我們這些倖存者在聚集到一起沒多久，就遭到了野獸的襲擊，但當我們逃到一個特殊地點後，所有野獸都停止了追擊，彷彿他們在害怕著什麼。我們四下搜尋了一番，發現了一枚大得不像話的蛋！
偏見：出於不祥的預感，我想要立刻離開這個地方，但隊伍中的另一名有刺青的中年男性卻堅持要搞清楚為什麼這個地方可以保護我們，真是搞不懂他在想什麼。
細節：出乎意料地，隊伍裡的大多數人同意了那個中年男人的意見，他們認為這裡就是個天然的保護區。但從我喜歡的那個偶像臉上的表情，依據我看了這麼多關於她們團體綜藝的經驗，我知道她和我一樣，是想要盡快離開這裡的。
證據：後來，果不其然，這是一種超級巨蛇的棲息地，因為牠實在太大了，有很大一部分被叢林遮蔽，因此難以判斷全長，但我敢肯定絕對超過20公尺！"
Dream Interpretation,https://www.encyclopedia-of-dreams.com/,The Master Encyclopedia of Dreams,5. Universal Symbolic Themes,https://www.encyclopedia-of-dreams.com/universal-symbolic-themes/,"falling in dreams meaning, teeth falling out stress, flying dream symbolism",common dream symbols and their meanings list,English,否,EUSp1wRqLAQveoEkUZ2f hirW,USED,https://www.encyclopedia-of-dreams.com/blog/common-dream-symbols-meanings-list-falling-chased/,,"觸發：這世界上有些東西，是每個人多少都曾經夢到過的。例如飛翔、墜落、迷路、被什麼東西追趕......等等。
痛點：以我個人而言，最常夢到的是墜落，其次是被追趕。
細節：但在墜落的夢中，我幾乎是剛墜落就會驚醒，除了有一次我明確知道自己身上有降落傘。但即便是那次，我也沒能等到最後落地，夢就醒了。
偏見：我認為，這些跨越文化、種族、生活經驗的夢，勢必存在著某種共通的解釋。反映出做夢者對當前生活的狀態。
證據：在佛洛伊德夢的解析中，就有類似的觀點，當然，我並不是佛洛伊德的信徒，我其實對夢的解析提到的說法並不認同。但我對單純腦部隨機放電的說法也不完全認可，因為就我個人或身邊的人而言，確實是在面對某種生活情境時，更容易出現某種夢（像被追趕的夢，就容易出現在我工作壓力大的時候）。"
Dream Interpretation,https://www.encyclopedia-of-dreams.com/,The Master Encyclopedia of Dreams,6. Lucid Dreaming & Agency,https://www.encyclopedia-of-dreams.com/lucid-dreaming-agency/,"lucid dreaming guide, MILD technique, PTSD nightmare therapy",how to lucid dream for beginners fast,English,USED,EUSp1wRqLAQveoEkUZ2f hirW,USED,https://www.encyclopedia-of-dreams.com/lucid-dreaming-beginners-fast/,1789,
Dream Interpretation,https://www.encyclopedia-of-dreams.com/,The Master Encyclopedia of Dreams,6. Lucid Dreaming & Agency,https://www.encyclopedia-of-dreams.com/lucid-dreaming-agency/,"lucid dreaming guide, MILD technique, PTSD nightmare therapy",mild technique vs wild method,English,USED,EUSp1wRqLAQveoEkUZ2f hirW,USED,https://www.encyclopedia-of-dreams.com/mild-wild-lucid-mastery/,1778,
Dream Interpretation,https://www.encyclopedia-of-dreams.com/,The Master Encyclopedia of Dreams,6. Lucid Dreaming & Agency,https://www.encyclopedia-of-dreams.com/lucid-dreaming-agency/,"lucid dreaming guide, MILD technique, PTSD nightmare therapy",reality checks for lucid dreaming list,English,USED,EUSp1wRqLAQveoEkUZ2f hirW,USED,https://www.encyclopedia-of-dreams.com/lucid-dreaming-reality-checks-3/,1766,
Dream Interpretation,https://www.encyclopedia-of-dreams.com/,The Master Encyclopedia of Dreams,6. Lucid Dreaming & Agency,https://www.encyclopedia-of-dreams.com/lucid-dreaming-agency/,"lucid dreaming guide, MILD technique, PTSD nightmare therapy",lucid dreaming for ptsd recovery,English,USED,EUSp1wRqLAQveoEkUZ2f hirW,USED,https://www.encyclopedia-of-dreams.com/lucid-dreaming-ptsd-healing/,1627,
Dream Interpretation,https://www.encyclopedia-of-dreams.com/,The Master Encyclopedia of Dreams,6. Lucid Dreaming & Agency,https://www.encyclopedia-of-dreams.com/lucid-dreaming-agency/,"lucid dreaming guide, MILD technique, PTSD nightmare therapy",can everyone learn to lucid dream,English,USED,EUSp1wRqLAQveoEkUZ2f hirW,USED,https://www.encyclopedia-of-dreams.com/lucid-dreaming-attainment/,1754,
Dream Interpretation,https://www.encyclopedia-of-dreams.com/,The Master Encyclopedia of Dreams,Lucid Dreaming Mastery,https://www.encyclopedia-of-dreams.com/lucid-dreaming-mastery/,Lucid dreaming techniques,how to wake up from a lucid dream fast,English,否,EUSp1wRqLAQveoEkUZ2f hirW,USED,,,
Dream Interpretation,https://www.encyclopedia-of-dreams.com/,The Master Encyclopedia of Dreams,7. Cultural & Spiritual Evolution,https://www.encyclopedia-of-dreams.com/cultural-spiritual-evolution/,"history of dream interpretation, cultural significance dreams, spiritual dreaming",ancient egyptian dream interpretation symbols,English,USED,EUSp1wRqLAQveoEkUZ2f hirW,USED,https://www.encyclopedia-of-dreams.com/egyptian-dream-symbols/,1680,
Dream Interpretation,https://www.encyclopedia-of-dreams.com/,The Master Encyclopedia of Dreams,7. Cultural & Spiritual Evolution,https://www.encyclopedia-of-dreams.com/cultural-spiritual-evolution/,"history of dream interpretation, cultural significance dreams, spiritual dreaming",history of dream analysis in western psychology,English,USED,EUSp1wRqLAQveoEkUZ2f hirW,USED,https://www.encyclopedia-of-dreams.com/history-of-dream-analysis-western-psychology/,1823,
Dream Interpretation,https://www.encyclopedia-of-dreams.com/,The Master Encyclopedia of Dreams,7. Cultural & Spiritual Evolution,https://www.encyclopedia-of-dreams.com/cultural-spiritual-evolution/,"history of dream interpretation, cultural significance dreams, spiritual dreaming",biblical meaning of dreams and visions,English,USED,EUSp1wRqLAQveoEkUZ2f hirW,USED,https://www.encyclopedia-of-dreams.com/biblical-meaning-of-dreams-and-visions-guide/,1830,
Dream Interpretation,https://www.encyclopedia-of-dreams.com/,The Master Encyclopedia of Dreams,7. Cultural & Spiritual Evolution,https://www.encyclopedia-of-dreams.com/cultural-spiritual-evolution/,"history of dream interpretation, cultural significance dreams, spiritual dreaming",shamanic dream practices for healing,English,USED,EUSp1wRqLAQveoEkUZ2f hirW,USED,https://www.encyclopedia-of-dreams.com/shamanic-dream-healing-journey/,1659,
Dream Interpretation,https://www.encyclopedia-of-dreams.com/,The Master Encyclopedia of Dreams,7. Cultural & Spiritual Evolution,https://www.encyclopedia-of-dreams.com/cultural-spiritual-evolution/,"history of dream interpretation, cultural significance dreams, spiritual dreaming",secular spirituality in modern dream work,English,USED,EUSp1wRqLAQveoEkUZ2f hirW,USED,https://www.encyclopedia-of-dreams.com/secular-spirituality-in-modern-dream-work/,1834,
Dream Interpretation,https://www.encyclopedia-of-dreams.com/,The Master Encyclopedia of Dreams,Dream Interpretation & Symbols,https://www.encyclopedia-of-dreams.com/,Recurring dreams,why do i keep dreaming about the same house,English,USED,EUSp1wRqLAQveoEkUZ2f hirW,USED,https://www.encyclopedia-of-dreams.com/why-do-i-keep-dreaming-about-the-same-house/,1880,
Dream Interpretation,https://www.encyclopedia-of-dreams.com/,The Master Encyclopedia of Dreams,Nightmares & Shadow Work,https://www.encyclopedia-of-dreams.com/,Sleep paralysis causes,psychological reason for sleep paralysis demons,English,USED,EUSp1wRqLAQveoEkUZ2f hirW,USED,https://www.encyclopedia-of-dreams.com/psychological-reason-for-sleep-paralysis-demons/,1884,
Dream Interpretation,https://www.encyclopedia-of-dreams.com/,The Master Encyclopedia of Dreams,Dream Interpretation & Symbols,https://www.encyclopedia-of-dreams.com/,Teeth falling out dreams,spiritual meaning of teeth falling out in dream,English,否,EUSp1wRqLAQveoEkUZ2f hirW,None,,,
Dream Interpretation,https://www.encyclopedia-of-dreams.com/,The Master Encyclopedia of Dreams,3. Freudian Psychoanalysis,https://www.encyclopedia-of-dreams.com/freudian-psychoanalysis/,Relationships in Dreams,why do i dream about my ex,English,否,EUSp1wRqLAQveoEkUZ2f hirW,,,,
Dream Interpretation,https://www.encyclopedia-of-dreams.com/,The Master Encyclopedia of Dreams,5. Universal Symbolic Themes,https://www.encyclopedia-of-dreams.com/universal-symbolic-themes/,Symbol Meanings,dream about death meaning,English,否,EUSp1wRqLAQveoEkUZ2f hirW,USED,https://www.encyclopedia-of-dreams.com/blog/dream-about-death-meaning-a-hundred-ways-to-die/,,"觸發：在夢中，人們總是能以千奇百怪的方式死去，從我有記憶以來到現在，我可能夢過100種死去的方式，包含自己的跟其他人的。
細節：其中摔死的次數應該是最多的，再來應該是各種被怪物吞噬的死法。不過其中也不乏一些比較有創意的，例如不知道為何成為了戰爭英雄，卻在上台領取國家授予的獎章時發現原來總統才是敵國間諜，結果在握手的時候被總統手裡的毒針毒死。
痛點：但相信大家都知道，人是沒辦法真的夢到自己死亡那一刻的，所以夢境總是會在這個之後驚喜。真是可惜了，我很想知道那個總統的下場。
結論：雖然我不完全相信關於解夢這些事，不過我相信的是關於夢到死亡的解讀，會因為對象而異，不完全是不好的，例如夢到一個超討厭的人死了，這很顯然的代表著某些好事對吧～
證據：其實目前關於解夢，並沒有一個很科學的說法，有興趣可以看看人們在論壇上的討論https://www.reddit.com/r/Jung/comments/hy5st1/what_does_it_mean_when_you_die_in_a_dream/，你就會發現其實大家對於同一種夢的解釋千奇百怪，可以當個樂趣看看，但不要全信，我始終認為所有的夢都有正向解讀的空間，只要你想往正面解讀，你永遠可以在夢境裡找到讓人生更積極的意義。"
Dream Interpretation,https://www.encyclopedia-of-dreams.com/,The Master Encyclopedia of Dreams,5. Universal Symbolic Themes,https://www.encyclopedia-of-dreams.com/universal-symbolic-themes/,Symbol Meanings,dream about water meaning,English,否,EUSp1wRqLAQveoEkUZ2f hirW,USED,https://www.encyclopedia-of-dreams.com/blog/dream-about-water-meaning-lake-flood-ocean/,,"觸發：每個人應該多多少少在夢中夢到過水吧？雖然可能是以很多不同的形式出現，可能是瀑布、大海、或者是平靜的湖面。
細節：而因為夢到的水的型態不同，其代表的意義也會有所不同。
結論：例如，寧靜的湖泊通常表示內心的平靜與安寧，但是洪水的話則可能代表巨大的變化與壓力。
痛點：而身處的位置也會對夢的解讀有不同的影響，例如即使是洪水，身處水裡與在遠方觀看也有不同的解釋，身處水裡可能代表著焦慮，但遠觀的話則可能代表對權力的掌握與渴望。
證據：而除此之外，甚至水的顏色也會有差異，例如在https://www.pressplay.cc/project/53E8F9E9F482F02BB26791468C108202/articles/C40F90A34CB827CFBDE323D521A9D30A?srsltid=AfmBOorepG755qSj6o84d-We_-Mdn0fXGWhwgartVEzag86PrUoGdFKw，就也有提到不同水的顏色代表的變化。"
Dream Interpretation,https://www.encyclopedia-of-dreams.com/,The Master Encyclopedia of Dreams,5. Universal Symbolic Themes,https://www.encyclopedia-of-dreams.com/universal-symbolic-themes/,Symbol Meanings,flying dream meaning,English,否,EUSp1wRqLAQveoEkUZ2f hirW,USED,https://www.encyclopedia-of-dreams.com/blog/flying-dream-meaning/,,"觸發：你知道在天上飛是什麼感覺嗎？我不知道，因為我並沒有去玩高空彈跳，或是跳傘的勇氣，但我曾經多次夢到過在天上飛的夢境。
細節：每次的情節都略有不同，例如有幾次是因為飛機失事，有幾次則是因為我進入了遊戲世界，還有些時候我就只是不知為何單純變成了一隻鳥。
痛點：當然，我知道這和實際飛翔的感覺並不一樣，不過話說回來，就算是穿上飛鼠裝的極限運動，也比較接近俯衝滑翔，和真正的飛翔也不完全相同。
結論：一般來說，夢到飛翔通常代表渴望自由，表示現實中有些事情可能讓你煩心，你需要掙脫束縛。但有些時候，如果你在飛翔的過程中感受到愉悅，那也可能表示你對未來充滿希望。
證據：目前關於解夢這件事沒有非常明確的科學證據，各種說法莫衷一是。因此我認為關於夢境的代表大家就當作樂趣看看就好。而以我個人的經驗，我似乎更偏向對未來充滿希望的解釋，因為我每次做這個夢的時候感覺到的都是振奮。而我在壓力大的時候，夢到的更多則是被追逐的戲碼。"
Dream Interpretation,https://www.encyclopedia-of-dreams.com/,The Master Encyclopedia of Dreams,5. Universal Symbolic Themes,https://www.encyclopedia-of-dreams.com/universal-symbolic-themes/,Symbol Meanings,dream about being pregnant meaning,English,否,EUSp1wRqLAQveoEkUZ2f hirW,,,,
Dream Interpretation,https://www.encyclopedia-of-dreams.com/,The Master Encyclopedia of Dreams,5. Universal Symbolic Themes,https://www.encyclopedia-of-dreams.com/universal-symbolic-themes/,Symbol Meanings,dream about spiders meaning,English,否,EUSp1wRqLAQveoEkUZ2f hirW,,,,
ミニマリスト・デスクセットアップ,https://www.minimal-desk-studio.com/,ミニマリスト・デスクセットアップの究極ガイド,1. 機能的人間工学 (Functional Ergonomics),https://www.minimal-desk-studio.com/functional-ergonomics/,"デスク 人間工学, モニターアーム 位置, 疲れにくい デスクセットアップ",デスクワーク 姿勢 矯正 グッズ,Japanese,USED,zbvQUVDnXYa62fl4TTLT1XKQ,USED,https://www.minimal-desk-studio.com/desk-posture-correction-guide/,1933,
ミニマリスト・デスクセットアップ,https://www.minimal-desk-studio.com/,ミニマリスト・デスクセットアップの究極ガイド,1. 機能的人間工学 (Functional Ergonomics),https://www.minimal-desk-studio.com/functional-ergonomics/,"デスク 人間工学, モニターアーム 位置, 疲れにくい デスクセットアップ",モニターアーム おすすめ 4K,Japanese,USED,zbvQUVDnXYa62fl4TTLT1XKQ,USED,https://www.minimal-desk-studio.com/4k-monitor-arm-guide/,1756,
ミニマリスト・デスクセットアップ,https://www.minimal-desk-studio.com/,ミニマリスト・デスクセットアップの究極ガイド,1. 機能的人間工学 (Functional Ergonomics),https://www.minimal-desk-studio.com/functional-ergonomics/,"デスク 人間工学, モニターアーム 位置, 疲れにくい デスクセットアップ",腰痛にならない椅子 選び方 在宅,Japanese,USED,zbvQUVDnXYa62fl4TTLT1XKQ,USED,https://www.minimal-desk-studio.com/chair-selection-back-pain/,1940,
ミニマリスト・デスクセットアップ,https://www.minimal-desk-studio.com/,ミニマリスト・デスクセットアップの究極ガイド,1. 機能的人間工学 (Functional Ergonomics),https://www.minimal-desk-studio.com/functional-ergonomics/,"デスク 人間工学, モニターアーム 位置, 疲れにくい デスクセットアップ",在宅勤務 デスク 高さ 計算,Japanese,USED,zbvQUVDnXYa62fl4TTLT1XKQ,USED,https://www.minimal-desk-studio.com/zaikin-desk-takasa-keisan/,1966,
ミニマリスト・デスクセットアップ,https://www.minimal-desk-studio.com/,ミニマリスト・デスクセットアップの究極ガイド,1. 機能的人間工学 (Functional Ergonomics),https://www.minimal-desk-studio.com/functional-ergonomics/,"デスク 人間工学, モニターアーム 位置, 疲れにくい デスクセットアップ",エルゴノミクス キーボード メリット,Japanese,USED,zbvQUVDnXYa62fl4TTLT1XKQ,USED,https://www.minimal-desk-studio.com/ergonomics-keyboard-merit-guide/,1975,
ミニマリスト・デスクセットアップ,https://www.minimal-desk-studio.com/,ミニマリスト・デスクセットアップの究極ガイド,1. 機能的人間工学 (Functional Ergonomics),https://www.minimal-desk-studio.com/functional-ergonomics/,スタンディングデスク 疲労,スタンディングデスク 疲れる 対策,Japanese,USED,zbvQUVDnXYa62fl4TTLT1XKQ,USED,https://www.minimal-desk-studio.com/standing-desk-fatigue-solutions-japan/,2022,
ミニマリスト・デスクセットアップ,https://www.minimal-desk-studio.com/,ミニマリスト・デスクセットアップの究極ガイド,2. 色彩理論と素材感 (Color Theory & Materiality),https://www.minimal-desk-studio.com/color-theory-and-materiality/,"ミニマリスト デスク 色, デスクマット 素材, 木目調 デスク インテリア",ホワイトデスク セットアップ おしゃれ,Japanese,USED,zbvQUVDnXYa62fl4TTLT1XKQ,USED,https://www.minimal-desk-studio.com/white-desk-setup-aesthetics/,1749,
ミニマリスト・デスクセットアップ,https://www.minimal-desk-studio.com/,ミニマリスト・デスクセットアップの究極ガイド,2. 色彩理論と素材感 (Color Theory & Materiality),https://www.minimal-desk-studio.com/color-theory-and-materiality/,"ミニマリスト デスク 色, デスクマット 素材, 木目調 デスク インテリア",フェルト デスクマット 滑り止め,Japanese,USED,zbvQUVDnXYa62fl4TTLT1XKQ,USED,https://www.minimal-desk-studio.com/felt-desk-mat-non-slip-guide-japan/,2012,
ミニマリスト・デスクセットアップ,https://www.minimal-desk-studio.com/,ミニマリスト・デスクセットアップの究極ガイド,2. 色彩理論と素材感 (Color Theory & Materiality),https://www.minimal-desk-studio.com/color-theory-and-materiality/,"ミニマリスト デスク 色, デスクマット 素材, 木目調 デスク インテリア",ウォールナット デスク 経年変化,Japanese,USED,zbvQUVDnXYa62fl4TTLT1XKQ,USED,https://www.minimal-desk-studio.com/walnut-desk-aging-process-japan/,2008,
ミニマリスト・デスクセットアップ,https://www.minimal-desk-studio.com/,ミニマリスト・デスクセットアップの究極ガイド,2. 色彩理論と素材感 (Color Theory & Materiality),https://www.minimal-desk-studio.com/color-theory-and-materiality/,"ミニマリスト デスク 色, デスクマット 素材, 木目調 デスク インテリア",デスク周り 統一感 出し方,Japanese,USED,zbvQUVDnXYa62fl4TTLT1XKQ,USED,https://www.minimal-desk-studio.com/desk-setup-unity-guide-japan/,2028,
ミニマリスト・デスクセットアップ,https://www.minimal-desk-studio.com/,ミニマリスト・デスクセットアップの究極ガイド,2. 色彩理論と素材感 (Color Theory & Materiality),https://www.minimal-desk-studio.com/color-theory-and-materiality/,"ミニマリスト デスク 色, デスクマット 素材, 木目調 デスク インテリア",マットブラック ガジェット おすすめ,Japanese,USED,zbvQUVDnXYa62fl4TTLT1XKQ,USED,https://www.minimal-desk-studio.com/matte-black-gadget-recommendations/,2032,
ミニマリスト・デスクセットアップ,https://www.minimal-desk-studio.com/,ミニマリスト・デスクセットアップの究極ガイド,2. 色彩理論と素材感 (Color Theory & Materiality),https://www.minimal-desk-studio.com/color-theory-and-materiality/,デスクマット フェルト,デスクマット フェルト デメリット,Japanese,USED,zbvQUVDnXYa62fl4TTLT1XKQ,USED,https://www.minimal-desk-studio.com/desk-mat-felt-demerit/,2045,
ミニマリスト・デスクセットアップ,https://www.minimal-desk-studio.com/,ミニマリスト・デスクセットアップの究極ガイド,2. 色彩理論と素材感 (Color Theory & Materiality),https://www.minimal-desk-studio.com/color-theory-and-materiality/,白いデスク メンテナンス,白いデスク 汚れ 目立つ 対策,Japanese,USED,zbvQUVDnXYa62fl4TTLT1XKQ,USED,https://www.minimal-desk-studio.com/white-desk-stains-conspicuous-measures/,2053,
ミニマリスト・デスクセットアップ,https://www.minimal-desk-studio.com/,ミニマリスト・デスクセットアップの究極ガイド,3. 配線管理の美学 (Cable Management),https://www.minimal-desk-studio.com/cable-management/,"デスク 配線 隠す, ケーブルマネジメント 便利グッズ, デスク 整理術",デスク下 配線 100均,Japanese,USED,zbvQUVDnXYa62fl4TTLT1XKQ,USED,https://www.minimal-desk-studio.com/desk-cable-management-100yen/,1998,
ミニマリスト・デスクセットアップ,https://www.minimal-desk-studio.com/,ミニマリスト・デスクセットアップの究極ガイド,3. 配線管理の美学 (Cable Management),https://www.minimal-desk-studio.com/cable-management/,"デスク 配線 隠す, ケーブルマネジメント 便利グッズ, デスク 整理術",ケーブルトレー 取り付け 穴あけ不要,Japanese,USED,zbvQUVDnXYa62fl4TTLT1XKQ,USED,https://www.minimal-desk-studio.com/no-drill-cable-management/,1788,
ミニマリスト・デスクセットアップ,https://www.minimal-desk-studio.com/,ミニマリスト・デスクセットアップの究極ガイド,3. 配線管理의 美學 (Cable Management),https://www.minimal-desk-studio.com/cable-management/,"デスク 配線 隠す, ケーブルマネジメント 便利グッズ, デスク 整理術",ワイヤレス充電 デスク 埋め込み,Japanese,USED,zbvQUVDnXYa62fl4TTLT1XKQ,USED,https://www.minimal-desk-studio.com/wireless-charging-desk-embedding-guide/,1982,
ミニマリスト・デスクセットアップ,https://www.minimal-desk-studio.com/,ミニマリスト・デスクセットアップの究極ガイド,3. 配線管理の美學 (Cable Management),https://www.minimal-desk-studio.com/cable-management/,"デスク 配線 隠す, ケーブルマネジメント 便利グッズ, デスク 整理術",マグネット ケーブルホルダー 使い方,Japanese,USED,zbvQUVDnXYa62fl4TTLT1XKQ,USED,https://www.minimal-desk-studio.com/magnetic-cable-holder-guide-japan/,1988,
ミニマリスト・デスクセットアップ,https://www.minimal-desk-studio.com/,ミニマリスト・デスクセットアップの究極ガイド,3. 配線管理の美學 (Cable Management),https://www.minimal-desk-studio.com/cable-management/,"デスク 配線 隠す, ケーブルマネジメント 便利グッズ, デスク 整理術",電源タップ 隠す ボックス,Japanese,USED,zbvQUVDnXYa62fl4TTLT1XKQ,USED,https://www.minimal-desk-studio.com/power-tap-hiding-box-guide/,2002,
ミニマリスト・デスクセットアップ,https://www.minimal-desk-studio.com/,ミニマリスト・デスクセットアップの究極ガイド,4. 照明とサーカディアンリズム (Lighting Design),https://www.minimal-desk-studio.com/lighting-design/,"モニターライト メリット, デスク 照明 集中力, サーカディアンリズム 工作",BenQ ScreenBar 違い 比較,Japanese,USED,zbvQUVDnXYa62fl4TTLT1XKQ,USED,https://www.minimal-desk-studio.com/benq-screenbar-comparison-guide/,1739,
ミニマリスト・デスクセットアップ,https://www.minimal-desk-studio.com/,ミニマリスト・デスクセットアップの究極ガイド,4. 照明とサーカディアンリズム (Lighting Design),https://www.minimal-desk-studio.com/lighting-design/,"モニターライト メリット, デスク 照明 集中力, サーカディアンリズム 工作",デスクライト 目に優しい 学習用,Japanese,USED,zbvQUVDnXYa62fl4TTLT1XKQ,USED,https://www.minimal-desk-studio.com/eye-friendly-desk-light-guide-2/,1894,
ミニマリスト・デスクセットアップ,https://www.minimal-desk-studio.com/,ミニマリスト・デスクセットアップの究極ガイド,4. 照明とサーカディアンリズム (Lighting Design),https://www.minimal-desk-studio.com/lighting-design/,"モニターライト メリット, デスク 照明 集中力, サーカディアンリズム 工作",間接照明 デスク おしゃれ テープライト,Japanese,USED,zbvQUVDnXYa62fl4TTLT1XKQ,USED,https://www.minimal-desk-studio.com/desk-indirect-lighting-guide/,1767,
ミニマリスト・デスクセットアップ,https://www.minimal-desk-studio.com/,ミニマリスト・デスクセットアップの究極ガイド,4. 照明とサーカディアンリズム (Lighting Design),https://www.minimal-desk-studio.com/lighting-design/,"モニターライト メリット, デスク 照明 集中力, サーカディアンリズム 工作",集中力 高める 照明 色温度,Japanese,USED,zbvQUVDnXYa62fl4TTLT1XKQ,USED,https://www.minimal-desk-studio.com/focus-lighting-cct/,1872,
ミニマリスト・デスクセットアップ,https://www.minimal-desk-studio.com/,ミニマリスト・デスクセットアップの究極ガイド,4. 照明とサーカディアンリズム (Lighting Design),https://www.minimal-desk-studio.com/lighting-design/,"モニターライト メリット, デスク 照明 集中力, サーカディアンリズム 工作",モニターライト 反射 対策,Japanese,USED,zbvQUVDnXYa62fl4TTLT1XKQ,USED,https://www.minimal-desk-studio.com/monitor-light-reflection-ergonomics/,1814,
ミニマリスト・デスクセットアップ,https://www.minimal-desk-studio.com/,ミニマリスト・デスクセットアップの究極ガイド,4. 照明とサーカディアンリズム (Lighting Design),https://www.minimal-desk-studio.com/lighting-design/,デスクライト モニターライト,モニターライト デスクライト 違い,Japanese,USED,zbvQUVDnXYa62fl4TTLT1XKQ,USED,https://www.minimal-desk-studio.com/monitor-light-desk-light-chigai/,2049,
ミニマリスト・デスクセットアップ,https://www.minimal-desk-studio.com/,ミニマリスト・デスクセットアップの究極ガイド,5. デジタル・ミニマリズム (Digital Minimalism),https://www.minimal-desk-studio.com/digital-minimalism/,"デスクトップ 整理術, デジタルミニマリズム 方法, ウルトラワイド 生産性",デスクトップ アイコン 隠す Mac,Japanese,否,zbvQUVDnXYa62fl4TTLT1XKQ,USED,https://www.minimal-desk-studio.com/blog/desktop-icon-hide-mac-hiddenme-terminal/,,"觸發：我和我的女朋友是兩個在電腦桌面喜好上非常極端的人，我的電腦桌面乾淨整潔。東西分門別類放在資料夾裡，整個桌面的圖示不超過兩行。
痛點：但我女友則截然相反，她恨不得把桌面全部用各種圖示塞滿，最好一點桌面都看不見的那種。
細節：喔，或許不是一點都看不見，而是只留下一隻貓咪的空間，他的桌面是一隻小貓曬太陽的照片，他會把那隻貓用各種圖示圍起來，就像是某種奇怪的儀式。
結論：而如果你是喜歡桌面上完全沒有一點圖示，必須完全乾淨的人。那麼，我推薦你一款叫做HiddenMe的應用程式（僅限於Mac)，這款程式可以一鍵隱藏所有桌面上的圖示，在必須螢幕共享時十分方便。
證據：但，如果你要追求更極致的隱藏，連按一下都不需要，那麼，你可以使用終端機，輸入defaults write com.apple.finder CreateDesktop false && killall Finder 這一串指令，就可以完全隱藏你的桌面圖示了。"
ミニマリスト・デスクセットアップ,https://www.minimal-desk-studio.com/,ミニマリスト・デスクセットアップの究極ガイド,5. デジタル・ミニマリズム (Digital Minimalism),https://www.minimal-desk-studio.com/digital-minimalism/,"デスクトップ 整理術, デジタルミニマリズム 方法, ウルトラワイド 生産性",Windows11 デスクトップ カスタマイズ,Japanese,否,zbvQUVDnXYa62fl4TTLT1XKQ,None,,,
ミニマリスト・デスクセットアップ,https://www.minimal-desk-studio.com/,ミニマリスト・デスクセットアップの究極ガイド,5. デジタル・ミニマリズム (Digital Minimalism),https://www.minimal-desk-studio.com/digital-minimalism/,"デスクトップ 整理術, デジタルミニマリズム 方法, ウルトラワイド 生産性",ウルトラワイドモニター 画面分割 ソフト,Japanese,否,zbvQUVDnXYa62fl4TTLT1XKQ,None,,,
ミニマリスト・デスクセットアップ,https://www.minimal-desk-studio.com/,ミニマリスト・デスクセットアップの究極ガイド,5. デジタル・ミニマリズム (Digital Minimalism),https://www.minimal-desk-studio.com/digital-minimalism/,"デスクトップ 整理術, デジタルミニマリズム 方法, ウルトラワイド 生産性",デジタル整理術 フォルダ分け ルール,Japanese,USED,zbvQUVDnXYa62fl4TTLT1XKQ,USED,https://www.minimal-desk-studio.com/digital-folder-mastery/,1911,
ミニマリスト・デスクセットアップ,https://www.minimal-desk-studio.com/,ミニマリスト・デスクセットアップの究極ガイド,5. デジタル・ミニマリズム (Digital Minimalism),https://www.minimal-desk-studio.com/digital-minimalism/,"デスクトップ 整理術, デジタルミニマリズム 方法, ウルトラワイド 生産性",ミニマリスト 壁紙 4K PC,Japanese,否,zbvQUVDnXYa62fl4TTLT1XKQ,USED,https://www.minimal-desk-studio.com/blog/ミニマリスト-壁紙-4k-pc-集中力-大人の選択/,,"觸發：打開電腦的時候，我們第一眼看到的是電腦設置的桌布，因此可以說一個好的壁紙，決定了一整天的開端與心情。
痛點：每個人喜歡的桌布種類不一樣，有些人喜歡優美的風景、有些人喜歡放自己的偶像、有些人則是放動漫角色。
細節：曾經，有一段時間我的桌布是英雄聯盟的阿璃，畢竟我的大學和研究所時代英雄聯盟是我最大的消遣。
結論：但隨著年紀增長，我的桌布換過一個又一個。現在的我更偏好一些顏色單純的風景照，例如一望無際的海洋或是沙漠，或者是泡泡漂浮在蔚藍天空的畫面。
證據：比起五顏六色的場景或是遊戲角色，我發現這類桌布更能讓我一天的心情保持穩定和愉悅。我說不出任何科學的道理，這只是我的個人感受，我也明白每個人對桌布的喜好不同，因此最重要的，是找到適合自己，讓自己有一整天好心情的壁紙。"
ミニマリスト・デスクセットアップ,https://www.minimal-desk-studio.com/,ミニマリスト・デスクセットアップの究極ガイド,6. バイオフィリックデザイン (Biophilic Design),https://www.minimal-desk-studio.com/biophilic-design/,"デスク 觀葉植物, デスク アロマ 集中力, メカニカルキーボード 仕事",デスクに置く 観葉植物 初心者,Japanese,否,zbvQUVDnXYa62fl4TTLT1XKQ,None,,,
ミニマリスト・デスクセットアップ,https://www.minimal-desk-studio.com/,ミニマリスト・デスクセットアップの究極ガイド,6. バイオフィリックデザイン (Biophilic Design),https://www.minimal-desk-studio.com/biophilic-design/,"デスク 觀葉植物, デスク アロマ 集中力, メカニカルキーボード 仕事",サンスベリア 卓上 サイズ おすすめ,Japanese,否,zbvQUVDnXYa62fl4TTLT1XKQ,None,,,
ミニマリスト・デスクセットアップ,https://www.minimal-desk-studio.com/,ミニマリスト・デスクセットアップの究極ガイド,6. バイオフィリックデザイン (Biophilic Design),https://www.minimal-desk-studio.com/biophilic-design/,"デスク 觀葉植物, デスク アロマ 集中力, メカニカルキーボード 仕事",デスク 香り 集中 アロマディフューザー,Japanese,USED,zbvQUVDnXYa62fl4TTLT1XKQ,USED,https://www.minimal-desk-studio.com/desk-aroma-focus-diffuser/,1752,
ミニマリスト・デスクセットアップ,https://www.minimal-desk-studio.com/,ミニマリスト・デスクセットアップの究極ガイド,6. バイオフィリックデザイン (Biophilic Design),https://www.minimal-desk-studio.com/biophilic-design/,"デスク 觀葉植物, デスク アロマ 集中力, メカニカルキーボード 仕事",メカニカルキーボード 静音軸 オフィス,Japanese,USED,zbvQUVDnXYa62fl4TTLT1XKQ,USED,https://www.minimal-desk-studio.com/blog/office-silent-mechanical-keyboard-guide/,,"觸發：我是一個重度電腦使用者，也是一個重度的主機玩家。
痛點：我十分了解不同鍵盤軸帶來的反饋以及喀噠聲對使用者的體驗是非常重要的一環。但，那是遊戲的時候，在辦公室，青軸的聲音堪稱惱人。
細節：特別是當某人需要刪除一大段代碼或文字，又不使用shift全選，而是選擇一個字一個字刪除的時候。
結論：個人的話，其實使用筆電的鍵盤工作影響也不是很大。但我十分了解有些人就是需要那個反饋感才會覺得自己有在打字，這時候就十分適合使用回饋感介於青軸與紅軸之間的茶軸，特別是現在有不少商家推出了靜音版的茶軸，就很適合需要回饋感但又不想打擾到同事的人使用。
證據：普通茶軸的打字聲音大概會落在40-50分貝，而靜音茶軸目前則可以壓到25-35分貝，在辦公室本來就一定有背景音的情況下，這已經是大多數人都可以接受的水準。
"
ミニマリスト・デスクセットアップ,https://www.minimal-desk-studio.com/,ミニマリスト・デスクセットアップの究極ガイド,6. バイオフィリックデザイン (Biophilic Design),https://www.minimal-desk-studio.com/biophilic-design/,"デスク 觀葉植物, デスク アロマ 集中力, メカニカルキーボード 仕事",天然素材 デスクオーガナイザー 木製,Japanese,USED,zbvQUVDnXYa62fl4TTLT1XKQ,USED,https://www.minimal-desk-studio.com/blog/ten-nen-sozai-desk-organizer-mokusei-miryoku-katsuyoujutsu/,,"觸發：我的副業是在一間類似桌遊店的地方打工（說是副業，其實只是我個人喜歡玩桌遊，玩到跟老闆實在太熟了，加上我是自由工作者，因此偶爾他會請我幫他顧店而已）
痛點：玩過桌遊的都知道，很多桌遊都有許多複雜的設計，而這些設計往往會需要很多種不同的「Token」來輔助標示或進行。
細節：而每個玩家對於如何收納以及整理這些Token，都有著不同的想法與見解，有人偏好夾鏈袋、或是可拼接的一格一格塑膠盒，但其中，有一批最極致的玩家，甚至會針對不同遊戲，親手製作不同的木質收納盒。套用在辦公桌面收納，也是一樣的，每個人有不同的想法。
結論：當然，收納的方式沒有正確與錯誤之分，只是個人喜好。有些人喜歡方便、易於攜帶，但有些人則喜歡儀式感。
證據：木質都優缺點都十分明顯，首先不易變形，且非常的具有儀式感，還可以客製化想要的大小與形狀，也不容易損壞，而且最重要的，美觀，完美的收納是強迫症患者的一大福音。但當然，木質也有著較重、可能發霉的缺點......因此如何收納最終還是會回到個人喜好的問題。但要我說，在桌上放一~兩個木製品，確實有提升心情的功效。"
ミニマリスト・デスクセットアップ,https://www.minimal-desk-studio.com/,ミニマリスト・デスクセットアップの究極ガイド,7. 集中とフローの心理学 (Psychology of Flow),https://www.minimal-desk-studio.com/psychology-of-flow/,"集中力 デスク 整理, 生産性向上 ワークスペース, フロー状態 環境",ゾーンに入る方法 仕事 集中,Japanese,USED,zbvQUVDnXYa62fl4TTLT1XKQ,USED,https://www.minimal-desk-studio.com/zone-hairu-houhou-shigoto-shuuchuu/,2086,"觸發：我們辦公室每個人的工作習慣差距很大，有些人喜歡安靜，有些人則喜歡聽著音樂。而就算是喜歡聽音樂的人，喜好的種類也差距很大，有些人喜歡輕音樂，有些人則喜歡節奏強烈的舞曲。
痛點：當人們和不同工作習慣的人同處一室時，難免會受到干擾，即使戴著耳機，有時候仍會聽到其他人的聲音。
細節：我們工作室有個人嗓門特別大，即使他只是在會議室裡，聲音依舊有很強的穿透力。我是個不喜歡戴耳機，且在安靜的環境比較能專心的人，每次他開會的時候，我就會覺得工作狀態受到了干擾。
結論：後來，我開始使用冥想的技巧，並且會在假日時刻意到一些較為吵雜的環境（例如咖啡廳）做一些需要專心的事情，例如寫這篇部落格文章，或是為了跟上時代學習AI的使用。
證據：後來，我發現經過一段時間的訓練，我漸漸可以將人聲當成「白噪音」來看待，不僅不會降低我的工作效率，反而在有一定背景音的狀況下我不會因為感到昏昏欲睡而降低工作效率。"
ミニマリスト・デスクセットアップ,https://www.minimal-desk-studio.com/,ミニマリスト・デスクセットアップの究極ガイド,7. 集中とフローの心理学 (Psychology of Flow),https://www.minimal-desk-studio.com/psychology-of-flow/,"集中力 デスク 整理, 生産性向上 ワークスペース, フロー状態 環境",集中力を維持する デスク配置,Japanese,USED,zbvQUVDnXYa62fl4TTLT1XKQ,USED,https://www.minimal-desk-studio.com/blog/maintain-focus-desk-layout-tips/,,"觸發：應該很多人都有過類似的經驗，當你集中注意力在完成某件工作時，突然被一個預料之外的事情打斷，接著就想不起來之前的進度到哪，曾經有的好主意也想不起來了。（如果你沒有，那恭喜你，表示你可能還沒超過25歲，正是記憶力很好的年紀。）
痛點：我之前在家辦公時，就常有這個困擾，我的女朋友時常不敲門就闖進我的房間，讓我的注意力被打斷。
細節：我明白，她可能是因為要收衣服所以沒有手敲門，或就只是單純太想我了，但這依然對我的工作不是一個好狀況。
結論：後來我明白，要徹底擺脫這種狀況，就是工作與生活的範圍還是必須分開。因此我選擇到外面租了一個迷你的辦公空間，桌上只放辦公必要物品，我的筆電、跟一瓶水、以及手機（可以的話其實我連手機都不想放，但無奈可能會有必要的電話）。並選擇背對房門，反正這裡可以鎖門，不怕有特殊狀況。
證據：工作效率的提升是無法量化的，但我專注力被打斷的次數確實是大大減少了沒錯。"
ミニマリスト・デスクセットアップ,https://www.minimal-desk-studio.com/,ミニマリスト・デスクセットアップの究極ガイド,7. 集中とフローの心理學 (Psychology of Flow),https://www.minimal-desk-studio.com/psychology-of-flow/,"集中力 デスク 整理, 生産性向上 ワークスペース, フロー状態 環境",ポモドーロテクニック アプリ デスク,Japanese,USED,zbvQUVDnXYa62fl4TTLT1XKQ,USED,https://www.minimal-desk-studio.com/pomodoro-desktop-apps-guide/,1763,"觸發：我有個朋友，他不知道從哪看來了一名為「番茄工作法」的東西，成了那個工作法的信奉者，且不斷推薦身邊的人嘗試看看，說是他覺得十分有效。
痛點：那時，我確實也有工作時注意力難以集中的問題，看他這麼推薦就是了一下。
細節：為此，我還特別去下載了一個「蕃茄鐘」的應用程式。
偏見：但我嘗試了一個禮拜後覺得......這方法，並不是特別適合我。因為我的情形，比起說難以集中，不如說是容易被打斷？在沒有被打斷的情況下，我可以輕鬆集中注意力工作2～3小時，但若是被打斷，則就很難進入狀態。
證據：雖然後來我並沒有採取這個方式，不過也是因為我採取過這個方式，才讓我意識到我真正的問題是「注意力容易被打斷」。因此我覺得，很多方法都有他的科學根據，但適合自己的方式才是最有效的。"
ミニマリスト・デスクセットアップ,https://www.minimal-desk-studio.com/,ミニマリスト・デスクセットアップ的究極ガイド,7. 集中とフローの心理學 (Psychology of Flow),https://www.minimal-desk-studio.com/psychology-of-flow/,"集中力 デスク 整理, 生産性向上 ワークスペース, フロー状態 環境",机の上が綺麗な人の特徴 心理,Japanese,USED,zbvQUVDnXYa62fl4TTLT1XKQ,USED,https://www.minimal-desk-studio.com/desk-clean-psychology-features-japan/,2090,"觸發：我曾和我的某一任女友是同事，而我們兩個對於辦公桌的習慣非常不同。我喜歡辦公桌整潔乾淨，我桌上通常只有電腦、鍵盤與滑鼠、水杯、一包衛生紙。而她的桌上則是除了辦公用品外堆滿了各種娃娃與公仔、各種凌亂的文件以及一些看起來像是垃圾的東西。
痛點：我有時光是看著她的辦公桌就會感到十分痛苦，總有一種想幫他收拾的衝動。但她卻嚴格禁止我動她的辦公桌，她說這樣會害她找不到東西。
細節：但她說的也是事實，不論她的辦公桌如何雜亂，她卻從來沒有找不到東西過，甚至是一般人時常弄不見的那種用了很久、已經變得很小塊的橡皮擦，她都能精準地找到。
結論：後來，觀察了辦公室裡許多人的辦公桌後。我想，這就是所謂的「文科大腦」與「理科大腦」的差別。
證據：根據我的相處經驗，桌面整潔的人，要嘛是那些更重視效率與邏輯的工程師，要嘛是那些工作與生活分得很開的人，其中一個人甚至我在整整三個月後才知道原來前段時間他正在談離婚，可他的工作表現卻完全正常。而那些喜歡在桌上放各種飾品的人，則通常是那些更需要「靈感」的崗位，如美術、文案等，或者是那種會將生活情緒帶入工作的類型，當他們生活中碰上好事時，他們的工作效率會有爆發性的增長，但碰上壞事時則容易一蹶不振，或是直接請假不來。"
ミニマリスト・デスクセットアップ,https://www.minimal-desk-studio.com/,ミニマリスト・デスクセットアップ的究極ガイド,7. 集中とフローの心理學 (Psychology of Flow),https://www.minimal-desk-studio.com/psychology-of-flow/,"集中力 デスク 整理, 生産性向上 ワークスペース, フロー状態 環境",作業効率 爆上げ ワークスペース,Japanese,USED,zbvQUVDnXYa62fl4TTLT1XKQ,USED,https://www.minimal-desk-studio.com/blog/sagyo-koritsu-bakuage-workspace-himitsu/,,"觸發：離職後，我成了個自由工作者，有一段時間我曾在家裡工作。
痛點：而我發現我的工作效率差了好多，你知道的，家裡總是充滿各種誘惑，柔軟的床、舒適的沙發、電視機、新買的Swich2......
細節：特別是吃完午飯後的午休，以往在公司趴著休息還不至於睡得太熟，但現在躺到床上一不小心起來可能已經是下午四點以後了。
結論：因此，在家工作了幾個月後我意識到，我需要改變我的工作環境。為此我開始嘗試在咖啡廳、網咖等地方工作......又過了幾個月，最後我決定在離家走路十分鐘的地方租下一間小型的個人辦公室。
證據：雖然工作效率這件事情無法量化，但我確實比以前更能專心了。寫一篇文章的時間從一個早上縮短到依舊是一個早上，但是多了吃早餐以及泡一杯咖啡的時間。而最重要的，我的午休不會在莫名其妙的就到下午四點了。"
ミニマリスト・デスクセットアップ,https://www.minimal-desk-studio.com/,ミニマリスト・デスクセットアップの究極ガイド,1. 機能的人間工学 (Functional Ergonomics),https://www.minimal-desk-studio.com/functional-ergonomics/,昇降・エルゴノミクス,電動昇降デスク おすすめ,Japanese,否,zbvQUVDnXYa62fl4TTLT1XKQ,USED,https://www.minimal-desk-studio.com/blog/dendou-shoukou-desk-osusume-ichi-shuukan-go/,,"觸發：今天要來介紹一個我踩過的坑，是我到目前為止，在買的各項產品中覺得最不值得的一個，那就是電動升降桌。
痛點：曾經我覺得，要是桌子能配合我的姿勢而自動升降，那我使用起來一定會更舒服，更符合人體工學的姿勢對吧？
細節：但實際使用之後我發現，過了有新鮮感的第一個禮拜後，最舒服、最常使用的只有某個特定高度，我幾乎不會調到其他高度使用。一方面是沒有耐心等待，另一方面則是雖然可能符合人體工學，可是總是沒辦法用太久，總是會覺得怪怪的，不太習慣，然後就調回那個高度了。
結論：我不會說，電動升降桌是個沒有的產品，因為只是我不喜歡。對大多數人來說，他或許很好用，可真的不適合我這種懶惰且不願意改變習慣的人。
證據：更何況，目前偶爾還是會聽見電動升降存在故障、維修的問題。因此以我個人的經驗來說，比起電動升降桌，結實、固定高度的桌子依然是我更喜歡的選擇。"
ミニマリスト・デスクセットアップ,https://www.minimal-desk-studio.com/,ミニマリスト・デスクセットアップの究極ガイド,1. 機能的人間工学 (Functional Ergonomics),https://www.minimal-desk-studio.com/functional-ergonomics/,昇降・エルゴノミクス,ノートパソコン スタンド おすすめ,Japanese,否,zbvQUVDnXYa62fl4TTLT1XKQ,USED,https://www.minimal-desk-studio.com/blog/notepc-stand-osusume-mesen-koushi/,,"觸發：我前一陣子常常被腰背的痠痛所困擾，我去看了按摩整脊的醫生，醫生說，是因為我平常的動作不正確造成的。
痛點：但是，平常要好好的使用「正確的姿勢」真的蠻困難的，畢竟筆點的高度就是那樣，要完全不身體前傾實在很難。
細節：特別是現在MAC的筆電都十分輕薄，與桌面的高度甚至還不如一隻手機。
結論：為此，我決定去買一個筆電架，將筆電的螢幕高度調整到與眼睛差不多高度。
證據：雖然一開始有點不習慣，但用了一陣子之後，確實是動作會更加「正確」，不會前傾，腰背也不會疼痛，甚至手腕也更加舒服。因此我認為，只要能克服一開始的不習慣，筆電架是個很好的投資。"
ミニマリスト・デスクセットアップ,https://www.minimal-desk-studio.com/,ミニマリスト・デスクセットアップの究極ガイド,1. 機能的人間工学 (Functional Ergonomics),https://www.minimal-desk-studio.com/functional-ergonomics/,昇降・エルゴノミクス,フットレスト 効果,Japanese,否,zbvQUVDnXYa62fl4TTLT1XKQ,Active,,,"觸發：作為一個長期坐著使用電腦的工作者，有些時候，時常會為了座椅的高度感到困擾，坐的對齊電腦高度，那腳可能就不太舒服。坐得腳舒服了，電腦高度又不太對。
痛點：但我先前也提過，我並不喜歡使用電動升降桌，因為調整桌子高度雖然可以解決一部分麻煩，卻會帶來新的麻煩。
結論：後來，發現了一個比較簡易的方案，就是腳凳或是腳踏板，只要能調節腳那邊的高度，身體姿勢就會舒服許多。而且調整腳踏板的高度十分容易，可以隨著你的姿勢自由調整。
細節：而很多久坐的人，都有運動量不足的問題，你還可以購買有踏板功能的腳凳，多多少少提升一點運動量。
證據：相較於電動升降桌，腳凳與腳踏板我覺得是更適合的投資，因為即使你今天用不到，你移去一旁，也不會佔據太大空間，也沒有什麼維修的問題，因此如果是對高度有要求的人，比起電動升降桌，我更推薦使用可調整高度的腳凳。"
ミニマリスト・デスクセットアップ,https://www.minimal-desk-studio.com/,ミニマリスト・デスクセットアップの究極ガイド,1. 機能的人間工学 (Functional Ergonomics),https://www.minimal-desk-studio.com/functional-ergonomics/,昇降・エルゴノミクス,デュアルモニター 配置,Japanese,否,zbvQUVDnXYa62fl4TTLT1XKQ,,,,
ミニマリスト・デスクセットアップ,https://www.minimal-desk-studio.com/,ミニマリスト・デスクセットアップの究極ガイド,7. 集中とフローの心理学 (Psychology of Flow),https://www.minimal-desk-studio.com/psychology-of-flow/,デスクツアー・レイアウト,デスクツアー おすすめ,Japanese,否,zbvQUVDnXYa62fl4TTLT1XKQ,,,,
ミニマリスト・デスクセットアップ,https://www.minimal-desk-studio.com/,ミニマリスト・デスクセットアップの究極ガイド,7. 集中とフローの心理学 (Psychology of Flow),https://www.minimal-desk-studio.com/psychology-of-flow/,デスクツアー・レイアウト,狭い部屋 デスク レイアウト,Japanese,否,zbvQUVDnXYa62fl4TTLT1XKQ,,,,
Global Urban Legends Analysis,https://www.global-urban-legends.com/,The Global Encyclopedia of Urban Legends,1. Psychological Foundations & Anxiety,https://www.global-urban-legends.com/psychological-foundations-anxiety/,"psychology of urban legends, why do urban legends spread, FOAF effect folklore",evolutionary purpose of scary stories,English,USED,qrdRo66J7PyzH5w3Oyggfqzo,USED,https://www.global-urban-legends.com/blog/the-shifting-shadows-evolutionary-purpose-scary-stories/,,"觸發：在中國，有一句話叫做「民國之後不許成精」，大概意思是說當大清帝國滅亡，社會進入現代化之後，不可以再有那些關於精靈、怪物之類的傳說。
痛點：當然，在高壓社會中，因此即使有這類傳說，他們也可以很輕鬆地透過官方媒體或壓力讓傳說消失。
細節：也因此，中國的鬼怪故事從很久遠以前的「山海經」、「聊齋誌異」等等由動物、鬼怪為主的變成了以帶有怨氣的死人，例如鬼新娘等等。
結論：這似乎某種程度上反映了人們對於恐怖故事心理學上的演進，以前人們相信動物、鬼怪是他們生活中麻煩與恐懼的來源，但隨著科技進步，人們反而更多轉向了靈能、死後世界的超能力概念。
證據：其實不只中國，縱觀全世界的傳說，你也可以發現這類現象，從早期遠古與部落時代，人們的傳說大多是吃人的妖怪（例如有名的溫迪戈）；到後來農耕時代，人們的傳說變成造成乾旱或是疾病、群體排斥（例如各地的祈雨儀式、吸血鬼傳說）；再到工業時代，人們對於科技失控的想像（例如哥吉拉、外星人入侵）；最後則是網路時代對於社會體制崩壞的擔憂（例如生化危機、喪屍等等）"
Global Urban Legends Analysis,https://www.global-urban-legends.com/,The Global Encyclopedia of Urban Legends,1. Psychological Foundations & Anxiety,https://www.global-urban-legends.com/psychological-foundations-anxiety/,"psychology of urban legends, why do urban legends spread, FOAF effect folklore",friend of a friend effect sociology,English,否,qrdRo66J7PyzH5w3Oyggfqzo,None,,,
Global Urban Legends Analysis,https://www.global-urban-legends.com/,The Global Encyclopedia of Urban Legends,1. Psychological Foundations & Anxiety,https://www.global-urban-legends.com/psychological-foundations-anxiety/,"psychology of urban legends, why do urban legends spread, FOAF effect folklore",urban legends as social control,English,否,qrdRo66J7PyzH5w3Oyggfqzo,USED,https://www.global-urban-legends.com/blog/urban-legends-as-social-control-debunked-warnings/,,"觸發：如同我們之前提過的「獨角獸查理」與「白色箱型車」的謠言，雖然後來都被證實是謠言，可你是否想過，這些謠言會被廣泛流傳呢？
痛點：一部分的原因，其實是有些人或家長會藉著這些謠言來提醒自己的小孩或其他人遠離危險，例如在街上，你確實應該小心任何以詭異方式接近你的車輛。
細節：特別是在出國的時候，在某些地區，你本就應該時刻注意那些靠近你的人，不論他們靠近你的方式自然與否，他們背後可能都懷著不軌的目的。
證據：例如根據統計，很多歐洲國家的小偷，都更喜歡針對遊客下手，因為對這些遊客來說，語言的問題讓他們報警與尋求協助會更加困難，加上出來遊玩的心態，會讓他們對於一點小小的損失更不在意。
結論：雖然我們不應該輕信那些太過誇張的謠言，造成自己不必要的困擾，但是我們也得記得一件事，那就是很多謠言的背後其實目的在於提醒人們注意那些可能對自己安全造成威脅的異常現象。"
Global Urban Legends Analysis,https://www.global-urban-legends.com/,The Global Encyclopedia of Urban Legends,1. Psychological Foundations & Anxiety,https://www.global-urban-legends.com/psychological-foundations-anxiety/,"psychology of urban legends, why do urban legends spread, FOAF effect folklore",why brains believe scary myths,English,否,qrdRo66J7PyzH5w3Oyggfqzo,None,,,
Global Urban Legends Analysis,https://www.global-urban-legends.com/,The Global Encyclopedia of Urban Legends,1. Psychological Foundations & Anxiety,https://www.global-urban-legends.com/psychological-foundations-anxiety/,"psychology of urban legends, why do urban legends spread, FOAF effect folklore",psychological triggers of viral folklore,English,否,qrdRo66J7PyzH5w3Oyggfqzo,None,,,
Global Urban Legends Analysis,https://www.global-urban-legends.com/,The Global Encyclopedia of Urban Legends,2. Liminal Spaces & Modern Isolation,https://www.global-urban-legends.com/liminal-spaces-modern-isolation/,"the backrooms explained, liminal spaces horror psychology, uncanny architecture folklore",why empty malls are scary,English,否,qrdRo66J7PyzH5w3Oyggfqzo,None,,,
Global Urban Legends Analysis,https://www.global-urban-legends.com/,The Global Encyclopedia of Urban Legends,2. Liminal Spaces & Modern Isolation,https://www.global-urban-legends.com/liminal-spaces-modern-isolation/,"the backrooms explained, liminal spaces horror psychology, uncanny architecture folklore",liminal space photography aesthetics,English,否,qrdRo66J7PyzH5w3Oyggfqzo,None,,,
Global Urban Legends Analysis,https://www.global-urban-legends.com/,The Global Encyclopedia of Urban Legends,2. Liminal Spaces & Modern Isolation,https://www.global-urban-legends.com/liminal-spaces-modern-isolation/,"the backrooms explained, liminal spaces horror psychology, uncanny architecture folklore",psychology of empty hallways,English,否,qrdRo66J7PyzH5w3Oyggfqzo,None,,,
Global Urban Legends Analysis,https://www.global-urban-legends.com/,The Global Encyclopedia of Urban Legends,2. Liminal Spaces & Modern Isolation,https://www.global-urban-legends.com/liminal-spaces-modern-isolation/,"the backrooms explained, liminal spaces horror psychology, uncanny architecture folklore",dreamcore and weirdcore origins,English,否,qrdRo66J7PyzH5w3Oyggfqzo,None,,,
Global Urban Legends Analysis,https://www.global-urban-legends.com/,The Global Encyclopedia of Urban Legends,2. Liminal Spaces & Modern Isolation,https://www.global-urban-legends.com/liminal-spaces-modern-isolation/,"the backrooms explained, liminal spaces horror psychology, uncanny architecture folklore",feeling of being watched in empty buildings,English,否,qrdRo66J7PyzH5w3Oyggfqzo,None,,,
Global Urban Legends Analysis,https://www.global-urban-legends.com/,The Global Encyclopedia of Urban Legends,3. Cryptids & Biological Anomalies,https://www.global-urban-legends.com/cryptids-biological-anomalies/,"mothman sightings history, chupacabra origins, cryptozoology vs folklore",cryptids vs urban legends differences,English,USED,qrdRo66J7PyzH5w3Oyggfqzo,USED,https://www.global-urban-legends.com/cryptids-vs-urban-legends-differences-mothman/,1538,
Global Urban Legends Analysis,https://www.global-urban-legends.com/,The Global Encyclopedia of Urban Legends,3. Cryptids & Biological Anomalies,https://www.global-urban-legends.com/cryptids-biological-anomalies/,"mothman sightings history, chupacabra origins, cryptozoology vs folklore",historical evidence of the mothman,English,USED,qrdRo66J7PyzH5w3Oyggfqzo,USED,https://www.global-urban-legends.com/historical-evidence-of-the-mothman/,1525,
Global Urban Legends Analysis,https://www.global-urban-legends.com/,The Global Encyclopedia of Urban Legends,3. Cryptids & Biological Anomalies,https://www.global-urban-legends.com/cryptids-biological-anomalies/,"mothman sightings history, chupacabra origins, cryptozoology vs folklore",local legends of cryptids map,English,USED,qrdRo66J7PyzH5w3Oyggfqzo,USED,https://www.global-urban-legends.com/local-legends-of-cryptids-map-analysis/,1529,
Global Urban Legends Analysis,https://www.global-urban-legends.com/,The Global Encyclopedia of Urban Legends,3. Cryptids & Biological Anomalies,https://www.global-urban-legends.com/cryptids-biological-anomalies/,"mothman sightings history, chupacabra origins, cryptozoology vs folklore",biological explanation for cryptid sightings,English,USED,qrdRo66J7PyzH5w3Oyggfqzo,USED,https://www.global-urban-legends.com/biological-explanation-for-cryptid-sightings/,1533,
Global Urban Legends Analysis,https://www.global-urban-legends.com/,The Global Encyclopedia of Urban Legends,3. Cryptids & Biological Anomalies,https://www.global-urban-legends.com/cryptids-biological-anomalies/,"mothman sightings history, chupacabra origins, cryptozoology vs folklore",cultural impact of cryptozoology,English,USED,qrdRo66J7PyzH5w3Oyggfqzo,USED,https://www.global-urban-legends.com/cultural-impact-of-cryptozoology/,1542,
Global Urban Legends Analysis,https://www.global-urban-legends.com/,The Global Encyclopedia of Urban Legends,4. Digital Folklore & Creepypastas,https://www.global-urban-legends.com/digital-folklore-creepypastas/,"slender man origins, best creepypastas of all time, digital folklore evolution",creepypasta wiki best stories,English,否,qrdRo66J7PyzH5w3Oyggfqzo,USED,https://www.global-urban-legends.com/blog/creepypasta-wiki-best-stories-personal-journey/,,"觸發：我是個喜歡看各種恐怖、獵奇故事的人，有一個專門供人提供或撰寫恐怖經歷的網站：https://creepypasta.fandom.com/，上面有很多恐怖故事。
痛點：大多是短篇，而且寫得並不是特別驚悚，或是有明顯的融合痕跡。
細節：但其中也收錄了不少我覺得不錯的作品，要我說的話，我最喜歡的還是後室系列。
結論：畢竟後室系列作為這個年代最出名的幾個怪談之一，設定相對完善，且相對來說，比較沒有抄襲單獨某些事件的感覺，而是大家真的腦洞大開，盡情發揮想像力創造出各種奇奇怪怪的東西。
證據：現在以後室為主題的遊戲與電影也越來越多了，大家如果有興趣了解後室，未來我也會針對後室整理更多我個人比較喜歡的一些設定與說法。"
Global Urban Legends Analysis,https://www.global-urban-legends.com/,The Global Encyclopedia of Urban Legends,4. Digital Folklore & Creepypastas,https://www.global-urban-legends.com/digital-folklore-creepypastas/,"slender man origins, best creepypastas of all time, digital folklore evolution",evolution of internet horror characters,English,USED,qrdRo66J7PyzH5w3Oyggfqzo,USED,https://www.global-urban-legends.com/evolution-of-internet-horror-characters-from-chain-mail-to-ai/,1597,"觸發：我的小時候是電子郵件剛開始興起的年代，那時總會收到一些「必須在限時期間內轉發給多少人，不然就會受到詛咒。」的電子郵件。
痛點：雖然我並不相信，但電子郵件裡繪聲繪影的描述還是讓小時候的我有些害怕，特別是一些可能涉及家人的詛咒，我都會想說：「萬一是真的，我自己無所謂，但可千萬不要禍害到我的家人啊。」
細節：有一次，我們班上集體收到了某個同學轉發來的郵件，而其中一個人隔天真的就沒來上學，我們都有些害怕，幸好後來證實他只是感冒。他甚至連那封郵件都沒看到。
結論：而後來隨著科技越來越發達，網路恐怖故事傳遞的媒介與方式也越來越多，例如有名的瘦長人。或是一些謠傳隨著電子遊戲而傳播的詛咒。後來甚至有些故事因其精彩的世界觀而被改編成了遊戲或電影。
證據：例如現在十分有名的SCP基金會，就有著一套屬於自己龐大的世界觀與設定，並被改編成電影與遊戲。近年興起的還有所謂的「偽人」系列，誕生出不少「辨認偽人」的遊戲或是漫畫相關作品。"
Global Urban Legends Analysis,https://www.global-urban-legends.com/,The Global Encyclopedia of Urban Legends,4. Digital Folklore & Creepypastas,https://www.global-urban-legends.com/digital-folklore-creepypastas/,"slender man origins, best creepypastas of all time, digital folklore evolution",influence of slender man on real world,English,否,qrdRo66J7PyzH5w3Oyggfqzo,USED,https://www.global-urban-legends.com/blog/influence-of-slender-man-on-real-world/,,"觸發：2014年，美國威斯康辛州爆發了一起瘦長人刺傷案，兩名女學生襲擊了另一名女學生，聲稱這樣才能得到瘦長人的保護與認可。
痛點：後來我們知道，那兩名女學生被診斷出患有精神方面的疾病。
細節：這件事的影響深遠，讓瘦長人的創作者都不得不出來發表聲明。
結論：我自己也非常沈迷於各種恐怖故事或傳說，甚至我相信，有些東西可能真的存在，只是人類還沒發現。畢竟隨著人類科學的進步，人類也發現了很多過去被認為不可能存在的東西。但是幻想與現實還是要能分清楚，在那些所謂的「靈體」、「高維存在」被證實真的存在之前，也請分清楚有些純屬藝術創作需要或是好玩，並注意自己的心理健康。
證據：或許有一天，人們會發現瞬間移動的方法。但目前，所有會瞬間移動的東西都純屬幻想，不然他們早就統一世界了。"
Global Urban Legends Analysis,https://www.global-urban-legends.com/,The Global Encyclopedia of Urban Legends,4. Digital Folklore & Creepypastas,https://www.global-urban-legends.com/digital-folklore-creepypastas/,"slender man origins, best creepypastas of all time, digital folklore evolution",digital folklore and lost media,English,USED,qrdRo66J7PyzH5w3Oyggfqzo,USED,https://www.global-urban-legends.com/digital-folklore-and-lost-media-gone-forever/,1602,"觸發：在我青少年的時候，我曾經是一個部落格的忠實讀者，那個部落格是私人創建的，都是一些作者自己寫的短篇故事，大多是關於東南亞一帶的巫術。
痛點：但當我長大後，某天想跟人分享那個故事再回去看時，那個部落格已經不存在了。
細節：我特別喜歡的是裡頭一篇關於台灣的恐怖故事，內容是關於台灣日據時期原住民被日本人殺害後利用薩滿巫術復仇的故事。
偏見：隨著科技的進步，人們不再相信「超自然力量」的存在，但我更傾項所謂的「超自然」只是人類還沒發現或還沒證實存在的力量。也許有一天人類真的會發現死後有一個世界，而那個世界擁有影響現世的力量也說不定呢？
證據：就像在富蘭克林發現電力前，電力可能也是那個時代的「超自然」力量。"
Global Urban Legends Analysis,https://www.global-urban-legends.com/,The Global Encyclopedia of Urban Legends,4. Digital Folklore & Creepypastas,https://www.global-urban-legends.com/digital-folklore-creepypastas/,"slender man origins, best creepypastas of all time, digital folklore evolution",modern internet ghost stories 2026,English,USED,qrdRo66J7PyzH5w3Oyggfqzo,USED,https://www.global-urban-legends.com/modern-internet-ghost-stories-2026/,1551,
Global Urban Legends Analysis,https://www.global-urban-legends.com/,The Global Encyclopedia of Urban Legends,4. Digital Folklore & Creepypastas,https://www.global-urban-legends.com/digital-folklore-creepypastas/,The Backrooms origin,how did the backrooms creepypasta start,English,USED,qrdRo66J7PyzH5w3Oyggfqzo,USED,https://www.global-urban-legends.com/how-did-the-backrooms-creepypasta-start/,1564,
Global Urban Legends Analysis,https://www.global-urban-legends.com/,The Global Encyclopedia of Urban Legends,5. Rituals & Forbidden Games,https://www.global-urban-legends.com/rituals-forbidden-games/,"bloody mary ritual legend, forbidden urban legend games, legend tripping psychology",history of spirit summoning games,English,USED,qrdRo66J7PyzH5w3Oyggfqzo,USED,https://www.global-urban-legends.com/history-of-spirit-summoning-games/,1585,
Global Urban Legends Analysis,https://www.global-urban-legends.com/,The Global Encyclopedia of Urban Legends,5. Rituals & Forbidden Games,https://www.global-urban-legends.com/rituals-forbidden-games/,"bloody mary ritual legend, forbidden urban legend games, legend tripping psychology",hitori kakurenbo instructions safety,English,USED,qrdRo66J7PyzH5w3Oyggfqzo,USED,https://www.global-urban-legends.com/hitori-kakurenbo-instructions-safety-guide/,1580,
Global Urban Legends Analysis,https://www.global-urban-legends.com/,The Global Encyclopedia of Urban Legends,5. Rituals & Forbidden Games,https://www.global-urban-legends.com/rituals-forbidden-games/,"bloody mary ritual legend, forbidden urban legend games, legend tripping psychology",psychology of legend tripping,English,USED,qrdRo66J7PyzH5w3Oyggfqzo,USED,https://www.global-urban-legends.com/psychology-of-legend-tripping-guide/,1555,
Global Urban Legends Analysis,https://www.global-urban-legends.com/,The Global Encyclopedia of Urban Legends,5. Rituals & Forbidden Games,https://www.global-urban-legends.com/rituals-forbidden-games/,"bloody mary ritual legend, forbidden urban legend games, legend tripping psychology",mirror rituals in different cultures,English,USED,qrdRo66J7PyzH5w3Oyggfqzo,USED,https://www.global-urban-legends.com/mirror-rituals-digital-folklore-analysis/,1572,
Global Urban Legends Analysis,https://www.global-urban-legends.com/,The Global Encyclopedia of Urban Legends,5. Rituals & Forbidden Games,https://www.global-urban-legends.com/rituals-forbidden-games/,"bloody mary ritual legend, forbidden urban legend games, legend tripping psychology",why teens play paranormal games,English,USED,qrdRo66J7PyzH5w3Oyggfqzo,USED,https://www.global-urban-legends.com/why-teens-play-paranormal-games-digital-seance/,1547,
Global Urban Legends Analysis,https://www.global-urban-legends.com/,The Global Encyclopedia of Urban Legends,6. Moral Panics & Societal Fears,https://www.global-urban-legends.com/moral-panics-societal-fears/,"moral panic urban legends, organ harvesting myths, social fear folklore",satanic panic history 1980s,English,否,qrdRo66J7PyzH5w3Oyggfqzo,USED,https://www.global-urban-legends.com/blog/satanic-panic-history-1980s/,,"觸發：很多人都聽說過，這世上存在著崇拜撒旦的邪教，他們會舉行各種奇怪的儀式，而其中，虐待與獻祭兒童是最常出現的儀式行為。
痛點：這一切的起源，似乎可以追溯到1980年代，一本名為《Michelle Remembers》的書籍出版。
細節：該書籍講述一位加拿大女子透過催眠回憶起童年受到撒旦邪教虐待的故事，內容繪聲繪影。在那個大家對催眠還不是特別了解的年代，許多人信以為真，還爆發了大量幼兒園與托兒所疑似舉行撒旦儀式的虐童案。
結論：但後來隨著調查以及人們對催眠的理解，才發現有很多是催眠時期被灌輸的假記憶，這種情況在早期十分普遍，人們會因為催眠師無意識地暗示而憑空「創造」出一段記憶。
證據：例如最著名的麥克馬丁幼兒園案（McMartin Preschool Trial），後來被證實沒有證據，而且心理治療師在詢問過程中頻繁使用了誘導性的提問。這類案子後來也促使人們更加重視詢問證詞時的提問技巧以及心理治療相關的規範，特別是在針對兒童的詢問上面，因為兒童的認知功能還不夠完善，更難分別真實與想像出來的記憶。"
Global Urban Legends Analysis,https://www.global-urban-legends.com/,The Global Encyclopedia of Urban Legends,6. Moral Panics & Societal Fears,https://www.global-urban-legends.com/moral-panics-societal-fears/,"moral panic urban legends, organ harvesting myths, social fear folklore",myths about poisoned halloween candy,English,否,qrdRo66J7PyzH5w3Oyggfqzo,USED,https://www.global-urban-legends.com/blog/myths-about-poisoned-halloween-candy-truth/,,"觸發：萬聖節，一個適合狂歡的節日，也往往是人們戒心最放鬆的日子，畢竟在這個日子，出現什麼東西似乎都不奇怪，不是嗎？
痛點：而在這個節日中，一個最廣為人知的傳統就是小孩子可以上門去跟陌生人要糖果。當然，這世界上大多數人都是好人，可總是有那麼一些犯罪份子。而兒童犯罪在會慶祝萬聖節的地區通常又特別敏感，因此，關於會有陌生人在糖果中投毒或是暗藏刀片的傳聞屢出不窮。
細節：可，讓人細思極恐的是，那些據說是因為陌生人的毒糖果而受到傷害的小孩子，後來幾乎都被證實，真正下手傷害他們的，是他們那些意圖騙取保險的親屬。他們意圖透過這個傳聞，執行天衣無縫的騙保計劃。而實際上，目前並沒有已經被任何國家警方證實的萬聖節下毒糖果事件。
結論：雖然提醒兒童防範陌生人，有安全意識是好的。但若是因此矯枉過正，反而造成社會的恐慌，讓社會彼此間失去信任，其實也是一件很危險的事。
證據：關於這一點，https://en.wikipedia.org/wiki/Joel_Best，曾經做過研究，證實了這個萬聖節毒糖果的事純屬傳聞。"
Global Urban Legends Analysis,https://www.global-urban-legends.com/,The Global Encyclopedia of Urban Legends,6. Moral Panics & Societal Fears,https://www.global-urban-legends.com/moral-panics-societal-fears/,"moral panic urban legends, organ harvesting myths, social fear folklore",organ harvesting legend debunked,English,USED,qrdRo66J7PyzH5w3Oyggfqzo,USED,https://www.global-urban-legends.com/blog/organ-harvesting-legend-debunked-fact-fear/,,"觸發：不知道現在的年輕一輩還有沒有看過「獨角獸查理」的故事？那是一部2005年左右的動畫，講得就是一隻名為查理的獨角獸被人騙了以後割走腎臟的故事。
痛點：其實這個在歐美或許更偏向傳聞，但在亞洲，這確實是真實發生故事。
細節：不過，也不是所有關於亞洲的事情都是真的。前一陣子的緬甸詐騙園區是真的有這些關於器官買賣的事，但一些有關中國的指控，例如法輪功、嬰兒腎等等，目前有一些零碎的證據，不過還沒有見到實質性的鐵證，雖然以中國的統治力，就算有他們也能瞞得很好，不過就事論事，目前確實是還沒有鐵證。
結論：其實盜竊器官的傳聞雖多，但實際操作並沒有想像的那麼容易，首先是手術的複雜性、器官保鮮需要的專業設備......等等，都讓隨機擄人盜取腎臟一事的複雜度遠超過人們想像。甚至，如果真要做到這個份上，那把全部的器官盜走，在想辦法處理你的屍體反倒簡單的多。
證據：而最決定性的證據其實是器官移植前，都必須經過嚴格的配型，器官並不是像USB那樣隨插即用的，會有排斥性。因此隨機擄人後去賣器官的實際效益非常低，反倒是緬甸或是傳聞中中國的那種做法，先配型找到買家後，再針對性的盜取某人的器官在邏輯上合理許多。不過，即便如此，出門在外還是要多加注意。"
Global Urban Legends Analysis,https://www.global-urban-legends.com/,The Global Encyclopedia of Urban Legends,6. Moral Panics & Societal Fears,https://www.global-urban-legends.com/moral-panics-societal-fears/,"moral panic urban legends, organ harvesting myths, social fear folklore",white van abduction rumors social media,English,USED,qrdRo66J7PyzH5w3Oyggfqzo,USED,https://www.global-urban-legends.com/blog/white-van-abduction-rumors-social-media/,,"觸發：你是否曾被告誡過，在美國，必須遠離白色的箱型車，不然可能遭到綁架？
痛點：這其實是一個流傳廣泛，但毫無根據的謠言，而這個謠言廣泛到什麼程度？甚至就連巴爾的摩市市長都曾經出面呼籲大家遠離白色箱型車，結果遭到地區警方的駁斥。
細節：你有沒有想過，為什麼是白色箱型車？而不是黑色或是其他車種？其實廂型車很好理解，這種車空間大，很容易讓人遐想，加上很多商用箱型車沒有後窗與側窗，簡直完美符合人們關於恐懼的想像。至於白色？我想那就只是因為它很常見而已。
結論：雖然白色廂型車只是個謠言，目前並沒有任何證據顯示白色廂型車的犯罪率比較高。但取而代之的，是出門在外你本就該小心任何看似可疑，或以奇怪方式接近你的車輛。
證據：因為經濟、難民等收容政策影響，近期全球很多地方的犯罪率都在上升，隨時保持警覺，而不是把寶貴的注意力放在那些不實的謠言上，才是保護自己的最佳選擇。"
Global Urban Legends Analysis,https://www.global-urban-legends.com/,The Global Encyclopedia of Urban Legends,6. Moral Panics & Societal Fears,https://www.global-urban-legends.com/moral-panics-societal-fears/,"moral panic urban legends, organ harvesting myths, social fear folklore",how rumors cause mass hysteria,English,否,qrdRo66J7PyzH5w3Oyggfqzo,USED,https://www.global-urban-legends.com/blog/how-rumors-cause-mass-hysteria/,,"觸發：少年時期，我的朋友圈很流行試膽大賽，我們會去學校那些沒有人的角落，路邊廢棄的屋子裡面探險（有違法疑慮，請勿模仿）
細節：大多數時候，我們都沒碰到什麼問題，或許這也是我們那時敢於去探索各地方的原因，因為雖然名為「探險」，但實際上十分安全。直到有一次我們碰到了一個瘋瘋癲癲的老頭（據說是個二戰老兵），意圖攻擊我們，我們後來才停止了這種行為。
痛點：如果你問我，當初為什麼要參加，我其實也不知道。這或許就只是當時朋友圈的一種社會氛圍。
結論：人本來就是群居動物，因此受到身邊社會氛圍影響而做出一些奇怪的事也沒什麼。歷史上，甚至有不少「集體歇斯底里」的案例，彷彿所有人都發了瘋似的熱衷於某些傳言。
證據：例如中世紀的獵巫行為，雖然我們可以說是那時的科學不夠發達，導致人們因為愚昧而產生的恐慌。但能擴散到這麼大的規模，中間「集體歇斯底里」也佔了很大一個部分。其他諸如著名的1518年「舞蹈瘟疫」https://en.wikipedia.org/wiki/Dancing_plague_of_1518，也是集體歇斯底里的著名案例。但是，隨著科技進步，人們對於心理疾病以及未知事物的恐慌減少，集體歇斯底里的案件也變得比較少見，因此有些人把這些症狀或事件視為單純的傳說，不過，這在歷史上，是確實曾經發生過的。而未來，在現在的AI浪潮下，是否那一天人類會針對AI掀起一波集體歇斯底里？這是值得我們關注的問題。"
Global Urban Legends Analysis,https://www.global-urban-legends.com/,The Global Encyclopedia of Urban Legends,7. Cross-Cultural Comparative Folklore,https://www.global-urban-legends.com/cross-cultural-comparative-folklore/,"cross cultural urban legends, kuchisake onna vs la llorona, pontianak folklore origins",japanese vs mexican female ghosts,English,否,qrdRo66J7PyzH5w3Oyggfqzo,None,,,
Global Urban Legends Analysis,https://www.global-urban-legends.com/,The Global Encyclopedia of Urban Legends,7. Cross-Cultural Comparative Folklore,https://www.global-urban-legends.com/cross-cultural-comparative-folklore/,"cross cultural urban legends, kuchisake onna vs la llorona, pontianak folklore origins",pontianak vs la llorona similarities,English,否,qrdRo66J7PyzH5w3Oyggfqzo,None,,,
Global Urban Legends Analysis,https://www.global-urban-legends.com/,The Global Encyclopedia of Urban Legends,7. Cross-Cultural Comparative Folklore,https://www.global-urban-legends.com/cross-cultural-comparative-folklore/,"cross cultural urban legends, kuchisake onna vs la llorona, pontianak folklore origins",global myths of the woman in white,English,否,qrdRo66J7PyzH5w3Oyggfqzo,None,,,
Global Urban Legends Analysis,https://www.global-urban-legends.com/,The Global Encyclopedia of Urban Legends,7. Cross-Cultural Comparative Folklore,https://www.global-urban-legends.com/cross-cultural-comparative-folklore/,"cross cultural urban legends, kuchisake onna vs la llorona, pontianak folklore origins",cultural variations of the hookman,English,否,qrdRo66J7PyzH5w3Oyggfqzo,None,,,
Global Urban Legends Analysis,https://www.global-urban-legends.com/,The Global Encyclopedia of Urban Legends,7. Cross-Cultural Comparative Folklore,https://www.global-urban-legends.com/cross-cultural-comparative-folklore/,"cross cultural urban legends, kuchisake onna vs la llorona, pontianak folklore origins",universal themes in world folklore,English,否,qrdRo66J7PyzH5w3Oyggfqzo,None,,,
Global Urban Legends Analysis,https://www.global-urban-legends.com/,The Global Encyclopedia of Urban Legends,7. Cross-Cultural Comparative Folklore,https://www.global-urban-legends.com/cross-cultural-comparative-folklore/,Kuchisake Onna myth,kuchisake onna origin story explained,English,否,qrdRo66J7PyzH5w3Oyggfqzo,None,,,
Global Urban Legends Analysis,https://www.global-urban-legends.com/,The Global Encyclopedia of Urban Legends,Cryptids & Unknown Creatures,https://www.global-urban-legends.com/,Mothman sightings,is mothman an alien or a cryptid,English,否,qrdRo66J7PyzH5w3Oyggfqzo,None,,,
Global Urban Legends Analysis,https://www.global-urban-legends.com/,The Global Encyclopedia of Urban Legends,Psychological Horror Origins,https://www.global-urban-legends.com/,Uncanny valley psychology,why are humans scared of uncanny valley,English,USED,qrdRo66J7PyzH5w3Oyggfqzo,USED,https://www.global-urban-legends.com/why-are-humans-scared-of-uncanny-valley/,1576,
Global Urban Legends Analysis,https://www.global-urban-legends.com/,The Global Encyclopedia of Urban Legends,Paranormal Games & Rituals,https://www.global-urban-legends.com/,Midnight game rules,history of the midnight game ritual,English,否,qrdRo66J7PyzH5w3Oyggfqzo,None,,,